B123 200nM,,B123-TA1 200nM,,
Time (min),Intensity (a.u.),Time (min),Intensity (a.u.),
0.008333333768,0.3662006855,0.05727083236,0.3124490976,
0.1052708328,0.4133863747,0.1563124955,0.3378768265,
0.2053125054,0.3326335251,0.2541874945,0.4379390776,
0.3021458387,0.3400762081,0.3531666696,0.4804593623,
0.4021666646,0.3701365888,0.4511458278,0.3780737519,
0.4990000129,0.3560939431,0.547979176,0.4055350423,
0.5958541632,0.4135971367,0.6470000148,0.3671742678,
0.6958958507,0.3716140687,0.7448332906,0.4263872802,
0.7928124666,0.3322839141,0.8438125253,0.3588575125,
0.8928333521,0.3756812513,0.941729188,0.4553442001,
0.9896458387,0.3531061709,1.040666699,0.4282348454,
1.089645863,0.3004882932,2.747979164,1.699424267,
2.795895815,1.55920732,2.844854116,1.750610232,
2.89281249,1.555167198,2.942812681,1.852609515,
2.991750002,1.520684958,3.040687561,1.960099459,
3.088645935,1.508712292,3.137583494,1.914630055,
3.185500145,1.56522119,3.23450017,1.769747138,
3.282354116,1.573599577,3.331333399,1.976034403,
3.37925005,1.590129972,3.428187609,1.662129045,
3.476145983,1.51300323,3.527166843,1.651727438,
3.576166868,1.507995605,3.625083447,1.847475767,
3.673000097,1.486928105,3.722000122,1.606687427,
3.769854307,1.481731176,3.818833351,1.657467723,
3.866750002,1.520565987,3.917812586,1.746284723,
3.966750145,1.512474179,4.015687466,1.792443156,
4.063666821,1.531455278,4.114666939,1.59155345,
4.163666725,1.505867124,4.212645531,1.563221216,
4.260499954,1.4031142,4.311521053,1.629876614,
4.360499859,1.444876909,4.409479141,1.749362111,
4.457354069,1.62924099,4.508479118,1.638352156,
4.55735445,1.408519864,4.606333256,1.831563234,
4.654312611,1.319241166,4.705312729,1.538453698,
4.754312515,1.477528334,4.80318737,1.541335464,
4.851166725,1.263901234,4.900146008,1.537361383,
4.947999954,1.395541191,4.996979237,1.685444236,
5.044854164,1.3975209,5.096000195,1.649107456,
5.144854069,1.341839314,5.194854259,1.702794671,
5.243833542,1.435093641,5.292833328,1.550914526,
5.340687752,1.504068017,5.391812801,1.638507009,
5.440729141,1.437833548,5.489666939,1.576842189,
5.537645817,1.358734131,5.588666916,1.619410753,
5.635499954,1.325785637,5.685500145,1.734616876,
5.732396126,1.565919757,5.78239584,1.573171377,
5.831333637,1.460133314,5.880333424,1.677863359,
5.928229332,1.23860836,5.97931242,1.649339437,
6.028229237,1.369791508,6.077166557,1.76578033,
6.125145912,1.40560329,6.174062729,1.539892554,
6.221979141,1.27215898,6.271000385,1.553025961,
6.318833351,1.354338408,6.369895935,1.645810604,
6.418833256,1.33899188,6.467833519,1.606620789,
6.515729427,1.310517192,6.566833496,1.65832305,
6.615729332,1.456192493,6.665729046,1.747890353,
6.714666843,1.419585705,6.763646126,1.685533285,
6.811562538,1.421651483,6.862646103,1.607470393,
6.911562443,1.424325228,6.96050024,1.848214149,
7.008479118,1.406732798,7.059479237,1.583250403,
7.1084795,1.216785312,7.15739584,1.674695373,
7.205312729,1.325729012,7.256333351,1.624279618,
7.305312634,1.326564193,7.35431242,1.574936271,
7.402166843,1.472734571,7.451146126,1.72682178,
7.499062538,1.350385785,7.550146103,1.712431192,
7.599062443,1.473276377,7.648020744,1.697112799,
7.696000099,1.329212666,7.747000217,1.614271641,
7.79491663,1.423019648,7.846000195,1.572729349,
7.894917011,1.34512639,7.943854332,1.613003492,
7.991812706,1.31307447,8.042833328,1.829482436,
8.091833115,1.406070113,8.140749931,1.651726007,
8.188666344,1.360533118,8.23968792,1.543906808,
8.2865839,1.516119957,8.336583138,1.48655045,
8.385520935,1.408960104,12.73350048,14.02876759,
12.78247929,5.849253654,12.83139515,15.17521381,
12.8793335,5.869222641,12.93035412,17.45480156,
12.97933388,6.055054188,13.02831173,18.7972393,
13.07618713,6.054575443,13.12724972,20.51917458,
13.17618752,5.979753971,13.22516727,22.21907806,
13.27308369,5.961149216,13.32416725,23.71459198,
13.37308311,6.139019489,13.42202091,24.57395744,
13.46997929,5.925149441,13.52099991,25.80137444,
13.56997871,6.058086872,13.61891651,27.62221527,
13.66683388,5.845160007,13.71583366,27.99534035,
13.76368713,5.948139668,13.81266689,29.26062584,
13.86058331,5.764976978,13.91164589,30.82513046,
13.96058369,6.07219696,14.00952053,31.90386009,
14.05749989,6.387413502,14.10850048,32.66572189,
14.15747929,6.108215332,14.20641708,33.93660736,
14.2543335,6.241642952,14.30535412,33.77965164,
14.35433388,6.140770912,14.40333366,35.2142067,
14.45118713,6.081608772,14.50231266,35.93405151,
14.55118752,5.898792267,14.60016727,36.8051796,
14.64816666,6.107125282,14.69914532,36.80805206,
14.7481451,6.049776554,14.79702091,37.56016922,
14.84497929,5.99885416,14.89397907,38.77752686,
14.9418335,6.012387276,14.9908123,40.08120346,
15.03868675,6.103308201,15.08981228,39.43789673,
15.13868713,6.341689587,15.18766689,39.83998108,
15.23564529,5.783272266,15.28664589,40.89824677,
15.33564568,6.379999638,15.38456249,41.10845947,
15.4324789,6.229523182,15.48350048,41.38402176,
15.53247929,6.162642479,15.58150005,42.1791954,
15.6293335,6.386620522,15.68039513,43.87722397,
15.72933388,6.001520157,15.77833366,41.89144897,
15.8262291,6.064691067,15.87731266,43.12450409,
15.92622852,6.183222294,15.97516727,44.28448105,
16.02316666,6.171382427,16.07414627,44.29998398,
16.12100029,6.362030029,16.17099953,44.86766052,
16.21897888,6.205001831,16.26997948,44.63820648,
16.31897926,6.160055161,16.36789513,44.32444,
16.41581154,6.275017738,16.46481133,45.28334808,
16.5126667,6.27667284,16.56166649,46.07288742,
16.60956192,6.427031517,16.66066742,46.01478577,
16.70747948,6.113303185,16.75747871,45.35274506,
16.8064785,6.153121471,16.85539627,45.92997742,
16.90333366,6.532312393,16.95433426,47.16910553,
17.00333405,6.091463566,17.05231285,47.41158295,
17.10016632,6.162396908,17.15122795,47.56115723,
17.2001667,6.275850296,17.24914551,47.77871323,
17.29706192,6.27701664,17.34814644,48.028759,
17.3970623,6.211812973,17.44600105,48.21802139,
17.49398041,6.146530151,17.54500008,47.95192719,
17.59399986,6.338717937,17.64289474,48.77421951,
17.69083214,6.340096951,17.73981285,47.56071854,
17.78766632,6.145438194,17.83664513,48.95633698,
17.88352013,6.533333302,17.93352127,48.86611557,
17.98250008,6.257066727,18.03148079,49.66880035,
18.07935333,6.537206173,18.12833214,49.85160446,
18.17624855,6.331588268,18.22733307,48.83295822,
18.27624893,6.228666306,18.32518768,49.92597961,
18.37316704,6.5209198,18.4220829,50.26771927,
18.46999931,6.321726799,18.51918793,49.76286697,
18.56716728,6.324999809,18.61614609,49.99555588,
18.66399956,6.399973869,18.71298027,50.04402924,
18.76085472,6.072947025,18.81085396,51.79592514,
18.85983276,6.323615551,18.90881348,50.09810257,
18.95668793,6.476859093,19.00566673,50.22891235,
19.05364609,6.224435806,19.10256386,50.27021408,
19.15050125,6.537347794,19.19949913,50.65594864,
19.24733353,6.548325539,19.29764557,49.9746666,
19.34549904,6.068814754,19.39447784,51.12733078,
19.44239426,6.32577467,19.49368668,50.6460228,
19.54058456,6.529461861,19.5905838,51.56420135,
19.63952065,6.256267548,19.68850136,51.26815033,
19.73641777,6.108643532,19.7854805,52.78427124,
19.83333397,6.063480854,19.88333321,52.00071716,
19.93225098,6.184910297,19.98250008,51.72987366,
20.03148079,6.476894855,20.08047867,52.14510727,
20.12833214,6.776810169,20.17731285,52.02299881,
20.2251873,6.631403446,20.27518654,51.54029465,
20.32416534,6.317490101,20.37316704,52.65678787,
20.42102051,6.668282509,20.47101974,52.15927887,
20.51999855,6.653894424,20.56897926,52.13342285,
20.61689568,6.6121521,20.66689682,53.20677185,
20.71583176,6.55949831,20.76481247,52.41148758,
20.81273079,6.294342995,20.86383247,52.23611069,
20.91066742,6.47114706,20.96066666,52.79132843,
21.00966644,6.319615841,21.05856323,52.86184692,
21.10650063,6.273070812,21.15749931,52.551754,
21.2043972,6.825330257,21.25439644,53.28584671,
21.30333328,6.183363914,21.35233307,53.54909515,
21.40023041,6.163710594,21.45133209,54.24871826,
21.50023079,6.313530445,21.54916573,53.16726685,
21.59716606,6.593558788,21.64814568,53.73937225,
21.69716644,6.415916443,21.74606323,53.44945908,
21.79397964,6.650333881,21.84297943,54.96918106,
21.8908329,6.305957317,21.93983269,54.36308289,
21.98773003,6.801674843,22.03883171,54.90626907,
22.08773041,6.868879795,22.13666534,53.69023514,
22.1846447,6.345784187,22.23356247,53.97114944,
22.28148079,6.701434612,22.33047867,53.49748611,
22.37833214,6.521148205,22.42939568,53.59645462,
22.47833252,6.504523277,22.52731323,54.77647781,
22.57522964,6.48339653,22.62631226,55.25675201,
22.67523003,6.565964222,22.72416496,54.27357864,
22.7721653,6.319765568,22.8231678,54.69339752,
22.87216568,6.581688404,22.92106247,55.30756378,
22.96899986,6.514351845,23.01999855,53.91108322,
23.06689644,6.645100117,23.11689568,54.62859726,
23.16585541,6.603159428,23.21483421,54.49633408,
23.26275063,6.665559769,23.31381226,54.62745667,
23.36275101,6.199385166,23.41168785,54.3823204,
23.4596653,6.785022259,23.5106678,54.2243309,
23.55858421,6.680069923,23.60966682,54.45013809,
23.65858269,6.466498852,23.70752144,53.8265686,
23.75549889,6.426138401,23.80649948,54.60734558,
23.85547829,6.82227087,23.90441704,54.50368881,
23.95233345,6.625704765,24.00335503,54.3531723,
24.05233383,6.653059959,24.10131264,54.92589188,
24.149189,6.592825413,24.1981678,54.65682602,
24.24608421,6.128684044,24.29502106,54.97115707,
24.3429985,6.557940006,24.39400101,53.8575592,
24.44085503,6.921775341,24.49085426,55.72180557,
24.53775024,6.960683823,24.58774948,54.43950272,
24.63668823,6.684385777,24.68572998,55.26939011,
24.73364639,6.916894913,24.78264618,54.68215942,
24.83049965,6.901737213,24.88049889,54.25870514,
24.9294796,6.783471107,24.97835541,54.15294647,
25.02633286,6.762996674,25.07633209,55.48518372,
25.12533379,6.480421066,25.17418861,55.29380035,
25.22216606,6.709469318,25.27114677,55.26762009,
25.31900024,6.765886784,25.36800003,55.70740891,
25.41585541,6.684047222,25.46697998,55.33877563,
25.51585579,6.824224949,25.56585503,55.15782928,
25.61483383,6.570112228,25.66383171,54.98685455,
25.71172905,6.793898106,25.76281357,54.30849838,
25.81172943,6.757217407,25.86066628,55.81004333,
25.90864754,6.553138733,25.95756149,56.65274048,
26.00549889,6.949687481,26.05450058,56.12947464,
26.10233307,6.291921616,26.1533947,55.14053345,
26.20233345,6.893293381,26.25133324,56.01929474,
26.29922867,6.608273029,26.34816742,55.68619919,
26.39614677,6.794234753,26.44718742,55.24081802,
26.49399948,6.650164127,26.54400063,55.30176926,
26.59350014,6.761712551,26.64381218,55.93967819,
26.69166756,6.664199829,26.74064445,56.2962532,
26.78852081,7.039868355,26.83749962,56.34327698,
26.88547897,6.806228638,26.93435478,55.91798019,
26.98231125,6.559098244,27.03333282,55.60272598,
27.08231163,6.586268425,27.13131332,56.23483276,
27.17916679,6.536239147,27.23022842,55.75242996,
27.27916718,6.656709671,27.32814598,55.01491547,
27.37606239,7.025331974,27.42499924,56.42429352,
27.4729805,6.763569832,27.52189445,56.65779114,
27.56981277,7.002335072,27.61881256,55.9597168,
27.66666603,6.825665474,27.71772957,56.94366837,
27.76666641,6.640761375,27.81564522,55.84858322,
27.86356163,6.960290909,27.91250038,55.26776886,
27.96050072,6.749404907,28.0093956,55.87392807,
28.05731201,6.513391495,28.10631371,55.59629822,
28.15416718,6.675830841,28.20522881,55.93031311,
28.25416756,6.755506039,28.30314445,56.74090576,
28.35106277,6.853463173,28.40214729,55.91272736,
28.45106125,6.715974331,28.5,56.61403656,
28.54800034,7.25254488,28.59897804,56.59708786,
28.64797974,7.017068863,28.6968956,55.69748306,
28.74481201,7.13954258,28.79381371,55.86655807,
28.84166718,6.795289993,28.89064598,55.29507065,
28.93856239,6.566477299,28.98964691,56.62391663,
29.03856277,6.953851223,29.08749962,55.60895538,
29.13549995,6.756655693,29.18647957,56.55942917,
29.23547935,6.776774883,29.28439522,57.29323196,
29.33231163,6.567334652,29.38335419,57.05207062,
29.43022919,6.620925426,29.48052216,55.19473267,
29.52950096,6.687337399,29.58049965,56.56493759,
29.62948036,7.052452564,29.6784153,55.75502014,
29.72633171,6.989580631,29.7753334,56.7179985,
29.82318687,6.835401535,29.87431145,56.04873276,
29.92318726,6.971270084,29.97216606,56.87371826,
30.02014542,6.83056879,30.06902122,56.01263046,
30.1169796,6.817876816,30.16599846,55.91513824,
30.21383286,7.072585106,30.26485443,56.12187195,
30.31383324,6.785017967,30.36283302,57.52577209,
30.41068649,6.750323772,30.4596653,57.10828018,
30.50764656,6.948173523,30.55864716,58.01987839,
30.60764503,6.668056965,30.65656281,57.1170311,
30.70447922,7.019356728,30.75549889,55.35840225,
30.8044796,6.629438877,30.85349846,55.73644638,
30.90133286,6.735411167,30.95235443,56.86592865,
31.00133324,6.717765808,31.05031395,56.63934708,
31.09823036,7.047695637,31.1471653,56.65225983,
31.19514656,6.992238522,31.24614716,55.92348862,
31.29299927,6.651971817,31.3429985,55.73134995,
31.3920002,7.119798183,31.440979,55.0527916,
31.48883247,7.02777338,31.53989601,56.56269073,
31.58883286,6.750647068,31.63781357,56.28805161,
31.68572998,7.090572357,31.73572922,56.75825119,
31.78466606,6.361022472,31.8346653,56.39211655,
31.88364601,7.13123703,31.9326458,56.83744049,
31.98058319,7.038015366,32.02949905,56.39112473,
32.07739639,6.905796051,32.12739563,56.29499817,
32.17533493,6.805295944,32.22533417,56.41353226,
32.27431107,7.097042084,32.32323074,56.62299347,
32.37114716,6.998566151,32.42016602,57.24184418,
32.4679985,7.002111912,32.51697922,57.05619812,
32.56489563,6.823979378,32.61597824,56.02246857,
32.66281509,7.413209438,32.7128334,57.71168518,
32.76073074,6.867198944,32.81072998,56.1655159,
32.85966492,7.023907661,32.90864563,55.51249313,
32.95658493,6.871532917,33.00656509,56.5326767,
33.05550003,6.795557976,33.10448074,56.76969147,
33.15239716,6.822592735,33.20347977,56.1242485,
33.25239563,7.004756451,33.30239487,56.47995377,
33.35133362,7.175852776,33.4003334,56.45289993,
33.44824982,6.709562302,33.49931335,55.75672913,
33.54733276,6.577102661,33.59616852,56.09763336,
33.64408493,6.981417656,33.69301987,56.05513763,
33.74097824,6.748428345,33.78998184,56.31222916,
33.8378334,7.000785351,33.88697815,56.80163956,
33.93481064,6.57067728,33.98575211,56.75458145,
34.034832,6.827214241,34.08366776,56.15387726,
34.13158417,6.929752827,34.18052292,56.51865387,
34.22847748,6.758132458,34.27741623,56.82253265,
34.32533264,7.125042915,34.37431335,56.63216019,
34.42218781,6.62676239,34.47331238,57.30932999,
34.52116776,7.023333549,34.57014465,56.36613083,
34.61802292,6.932335854,34.66699982,56.56711197,
34.71416855,7.098216057,34.76416779,56.6477356,
34.81099701,7.062005043,34.86100006,56.76360321,
34.90997696,6.789461136,34.95898056,56.89844894,
35.00683212,7.017861843,35.05789566,56.82933807,
35.1068306,7.032995224,35.15581131,56.27253342,
35.20372772,6.966061592,35.25481415,56.65732193,
35.3037262,7.004137516,35.35266495,56.61692047,
35.40064621,7.229444981,35.4516449,56.50389481,
35.5006485,6.826670647,35.54968643,57.10870361,
35.59747696,7.17406559,35.64849854,55.47029114,
35.69747543,6.974559307,35.74647903,56.21446228,
35.7943306,7.165070534,35.8433342,56.86182785,
35.89122772,7.14737463,35.94122696,56.54821014,
35.99016571,7.068711758,36.03914261,57.70164871,
36.08705902,7.025403976,36.13599777,56.26068497,
36.18397903,7.237443447,36.23398209,57.49703598,
36.28289413,6.815857887,36.33183289,56.51465225,
36.37981415,6.716409206,36.43080902,57.18936157,
36.47981262,6.510108471,36.52872849,56.48814774,
36.5766449,6.942263603,36.62566757,57.41701889,
36.67350006,7.011155128,36.72247696,55.86480331,
36.77039337,7.334318638,36.82149887,57.36287689,
36.86830902,6.959419727,36.91831207,56.68894958,
36.96516418,7.113175869,37.01516342,57.41359329,
37.06416702,6.87634325,37.11316681,56.63236618,
37.1609993,7.348181725,37.21205902,56.52565765,
37.26099777,7.087793827,37.31000137,57.31545639,
37.35791779,7.261574745,37.40685272,56.47742844,
37.45481491,6.730717182,37.50374985,56.43068695,
37.55167007,6.923934937,37.60066605,57.41453934,
37.64851761,7.210138321,37.69958496,56.03396225,
37.7485199,7.336856842,37.79750061,57.8764801,
37.84541702,6.979656696,37.89648056,56.44651031,
37.94541931,6.712429523,37.99435043,57.15106964,
38.04231262,7.058700085,38.09125137,57.74599838,
38.13916779,7.166530132,38.19018555,57.10352325,
38.23917007,6.776499748,38.28814697,56.82556915,
38.33601761,6.986583233,38.38708496,56.70464706,
38.4360199,6.920267582,38.48500061,57.27012253,
38.53297806,6.797343254,38.58185196,56.79231262,
38.62981415,7.475178242,38.68083572,56.60523987,
38.72981262,7.06927824,38.77881241,57.02275848,
38.8271637,6.951305389,38.87716293,57.04001999,
38.92406464,6.923918247,38.97406387,56.74763489,
39.02198029,7.143726349,39.07098007,56.91410828,
39.11883163,6.904177666,39.16783524,57.76614761,
39.21573257,7.22313118,39.2646637,56.79468536,
39.31264496,7.330525398,39.36264801,57.83459473,
39.41049957,7.291860104,39.46156311,58.0464859,
39.50848007,7.003833771,39.55847931,56.70014954,
39.60739899,7.551377296,39.65633011,57.47950745,
39.70433426,7.310164928,39.75349808,55.88027191,
39.80150223,7.028923035,39.85035324,56.13449478,
39.89833069,7.543874741,39.94733429,57.34790039,
39.99516678,6.97694397,40.04414368,56.29425812,
40.09202194,7.209498882,40.14099884,57.06103897,
40.1889801,7.042555809,40.237854,56.38675308,
40.2868309,6.886400223,40.33785248,56.68408203,
40.38683319,7.329246998,40.43683243,57.05334091,
40.48581314,7.17762804,40.53481293,56.93790817,
40.58266449,7.87387228,40.63166428,56.70742416,
40.67951965,7.07179594,40.72850037,57.30967331,
40.7765007,7.433718681,40.8274765,57.522686,
40.8764801,6.884521008,40.925354,57.31871033,
40.97333145,7.031286716,41.02433395,56.82802963,
41.07133484,7.117525101,41.12118912,56.96974945,
41.17016602,7.413622379,41.21914291,56.88687897,
41.26702118,7.083702564,41.31814957,57.19182587,
41.36600113,7.426319599,41.41497803,57.56372452,
41.46289444,7.283926487,41.512146,56.56610489,
41.56000137,7.144041061,41.60898209,56.4615097,
41.6568985,7.295460224,41.70583344,57.6857605,
41.75381088,7.19898653,41.80273056,57.12398529,
41.85066605,7.165357113,41.90166855,57.59095383,
41.95066833,7.205101013,41.99966812,57.22468185,
42.04750061,7.402988911,42.09648132,57.38508987,
42.14439774,7.106758118,42.19333649,56.86888504,
42.24133301,6.909309387,42.29030991,56.38504028,
42.33814621,6.814044476,42.38916779,56.64670181,
42.43606186,7.195668697,42.48606491,56.76271057,
42.53398132,7.081506729,42.58502197,57.25933075,
42.63314438,7.267930508,42.68400192,57.60746765,
42.73216629,7.202234268,42.78318787,56.96511078,
42.8311882,7.369236469,42.88014603,56.67395782,
42.92799759,7.358248711,42.97723007,57.08239365,
43.02516556,6.846563816,43.07616806,56.54230118,
43.12539291,7.135756493,43.17647934,56.57881165,
43.2253952,7.219960213,43.27433395,56.99941635,
43.32231522,7.304754734,43.37122726,56.9607811,
43.41914368,7.535058498,43.46814728,55.93780136,
43.51599884,7.3053298,43.56706238,57.32544327,
43.61600113,7.484611034,43.66706085,56.56113434,
43.7159996,7.058388233,43.76599884,57.19426346,
43.81400299,7.288887024,43.86499786,56.64853287,
43.91400146,7.341001987,43.96291351,57.74216461,
44.01082993,7.022193432,44.05983353,56.9600563,
44.10768509,7.077469826,44.1566658,56.78722,
44.20458221,7.335847855,44.25352097,56.97498703,
44.30147934,7.30525732,44.3524971,56.3597908,
44.40148163,7.167197227,44.45041656,56.73957062,
44.49833298,7.090024471,44.54935455,56.71330261,
44.59833145,7.360218048,44.64731598,57.42302704,
44.69518661,7.035604,44.74416351,56.11495972,
44.79207993,7.361614227,44.84314728,57.38243103,
44.89208221,7.341194153,44.94102097,56.96626282,
44.98897934,7.142588139,45.03791428,57.31022263,
45.08583069,7.094313622,45.13685226,57.32023621,
45.18583298,7.254602432,45.23481369,57.62103653,
45.28268814,7.167716503,45.33166504,55.48708725,
45.37958145,7.28130722,45.4285202,57.34874344,
45.47648239,7.139354706,45.52750015,56.7125206,
45.57648087,7.399254322,45.62548065,57.48613739,
45.67333221,7.118299007,45.72435379,57.84998703,
45.77333069,7.62480545,45.82231522,56.72998428,
45.87018585,7.246056557,45.92018509,56.82435608,
45.9691658,7.343649387,46.0181694,56.91984558,
46.06533051,7.12850666,46.11531067,56.8420639,
46.1621666,7.375595093,46.21239471,57.45796585,
46.26164627,7.279300213,46.31058502,56.45121765,
46.35850143,7.57941103,46.40952301,57.92451096,
46.45849991,7.277397633,46.50849915,57.36486053,
46.55535507,7.250537872,46.60535431,57.46325302,
46.65433502,7.672032833,46.70433426,57.21818542,
46.75331116,7.11646843,46.80231094,57.13897705,
46.85016632,7.633424759,46.89916611,56.08165359,
46.94702148,7.068052769,46.99816513,56.34796524,
47.04701996,7.547175884,47.09600067,56.6829071,
47.14397812,7.362460136,47.19498062,57.52555084,
47.24399948,7.493985176,47.29285431,56.57674408,
47.34081268,7.124404907,47.39183426,56.63655472,
47.44081116,7.253557682,47.48981094,57.01719284,
47.53766632,7.376019001,47.58664703,56.14915466,
47.63452148,7.196174622,47.68564606,56.56375885,
47.73451996,7.476929665,47.78350067,56.90968323,
47.83149719,7.541382313,47.88039398,57.21119308,
47.92831039,7.50356102,47.97733307,56.14698029,
48.02516556,7.27236414,48.07516861,56.87685394,
48.12414551,7.371286869,48.17314529,57.34814835,
48.22100067,7.114874363,48.26997757,58.00052643,
48.31814957,7.289121151,48.36916351,57.40216827,
48.41833496,7.288144112,48.4671669,57.16198349,
48.51499939,7.767548084,48.56606293,56.97186661,
48.61499786,7.149198055,48.66402054,57.25027084,
48.7118988,7.315874577,48.76082993,56.28576279,
48.808815,7.380147457,48.85773087,57.36196518,
48.90566635,7.525594711,48.95464706,56.2141571,
49.00249863,7.348184109,49.05150223,57.30723953,
49.09941864,7.448997021,49.14833069,57.28014755,
49.19631195,7.43734169,49.2452507,55.89387131,
49.29316711,7.445261002,49.34418869,57.50524902,
49.3931694,7.579880714,49.4421463,56.58126068,
49.49002457,7.432448387,49.53900146,57.09402084,
49.58691788,7.271406174,49.63585663,56.73128891,
49.683815,7.34502697,49.73274994,56.92411423,
49.78066635,7.035263538,49.83168793,57.25518417,
49.88068771,7.107225895,49.92964554,57.73426437,
49.9775238,7.262200356,50.02858353,56.50498581,
50.07752228,7.456418991,50.12650299,56.81471252,
50.1744194,7.804785252,50.22335434,58.47547531,
50.27131271,7.673608303,50.32233429,56.92700958,
50.37133408,6.917171001,50.42024994,56.55357361,
50.4683342,7.376381874,50.51716614,57.34178162,
50.56502151,7.63929987,50.61400223,56.7693367,
50.66191864,7.111256123,50.71099854,56.85066986,
50.75881195,7.427961349,50.80983353,57.56974411,
50.85881424,7.303775787,50.90781403,57.57745361,
50.9556694,7.43529129,51.0046463,56.54048538,
51.05252457,7.528247833,51.10364532,56.52279282,
51.15252304,7.730572701,51.20252228,56.10911942,
51.25166702,7.152293682,51.30047989,57.16572571,
51.34835434,7.186444283,51.39949799,56.21925735,
51.44835663,7.558104515,51.49835587,57.38381195,
51.54739761,7.363883018,51.59741592,57.7913208,
51.64631271,7.719222546,51.6953125,56.80664444,
51.74419022,7.419670582,51.79531097,56.91606903,
51.84423065,7.131356239,51.89323044,57.44696426,
51.94114685,7.548189163,51.99006271,56.77431107,
52.03797913,7.700529099,52.0890007,56.2612381,
52.13798141,7.2380023,52.18697739,57.13212204,
52.23500061,7.45049572,52.28483582,57.80810547,
52.33283234,7.381985188,52.38383484,57.32416534,
52.43072891,7.62127924,52.48066711,57.94808197,
52.52866745,7.630968094,52.57966614,57.39120483,
52.62866592,7.858808041,52.67864609,57.57225037,
52.72783279,7.325220108,52.77883148,56.95169449,
52.82574844,7.327005863,52.87574768,56.60822296,
52.92466736,7.353001595,52.97366714,57.46398544,
53.02158356,7.734388351,53.07051849,56.30639267,
53.11847687,7.383724213,53.16741562,56.9117012,
53.21533203,7.751887321,53.26635361,56.87466812,
53.31431198,7.233599186,53.36533356,57.64413071,
53.41431046,7.33852911,53.46324921,55.88149643,
53.51116562,7.446415424,53.56218719,56.04443741,
53.61116409,7.621033669,53.66014481,57.16515732,
53.70801926,7.798620701,53.75801849,56.91859818,
53.80699921,7.771141052,53.8559761,57.09374619,
53.90385437,7.447154999,53.95283127,57.1036377,
54.00074768,7.73089695,54.05181122,56.68294144,
54.09866714,7.498181343,54.14866638,56.90007401,
54.19764328,7.762056351,54.24764252,56.55115891,
54.29552078,7.437448978,54.34449768,57.7551384,
54.39247894,7.570725441,54.44135284,57.02360535,
54.48931122,7.244695663,54.54033279,57.8161087,
54.58930969,7.451788425,54.63831329,57.03186798,
54.68616486,7.230760098,54.73566437,57.0892601,
54.78356171,7.289126873,54.83250046,57.74706268,
54.88080978,7.767951965,54.93175125,56.66456985,
54.980896,7.233448982,55.03174973,56.77280807,
55.07864761,7.501520634,55.12864685,57.03394699,
55.1775856,7.734819889,55.22652054,57.39999771,
55.27447891,7.676113129,55.32341766,56.02780533,
55.37133408,7.649381161,55.42235565,57.30712891,
55.47133255,7.682453632,55.5213356,56.70975113,
55.5703125,7.356374741,55.61925125,57.29722977,
55.66716766,7.518276215,55.71616745,57.39050293,
55.76416779,7.551716328,55.81416702,57.50949478,
55.86299896,7.729014397,55.91300201,55.92201996,
55.96097946,7.703103542,56.00985336,57.52130127,
56.05781174,7.699364185,56.10681152,58.09598541,
56.1546669,7.350227356,56.20366669,57.37827682,
56.25152206,7.717583179,56.30156326,56.49464035,
56.34847641,7.249983311,56.39847946,56.88637543,
56.44750214,7.318666458,56.49633408,57.37948608,
56.54431152,7.605306149,56.59431076,56.91845322,
56.64318848,7.585503101,56.69216537,56.71414948,
56.74014664,7.821186543,56.78902054,56.9932785,
56.83697891,7.523759365,56.8859787,57.34382629,
56.93383408,7.432021618,56.98281097,57.00652695,
57.03081131,7.799688816,57.08081055,57.99168777,
57.12866592,7.518847466,57.17866516,57.05108643,
57.22764587,7.884171009,57.27656174,57.70454407,
57.32450104,7.432008266,57.37349701,58.73020172,
57.42291641,7.518797398,57.47418594,56.76058578,
57.52316666,7.585031033,57.57291794,57.6893425,
57.62185287,7.440042496,57.67185593,56.47307587,
57.72114563,7.63702774,57.77214813,59.02854538,
57.81899643,7.571333408,57.86899948,56.8649826,
57.91800308,7.296417236,57.96797943,57.05023575,
58.01614761,7.953450203,58.06716537,57.71117783,
58.11614609,7.91118288,58.16514587,57.10038376,
58.21300125,7.584758282,58.26197815,56.13037872,
58.30989456,7.691715717,58.35989761,57.74792862,
58.40883255,7.96917057,58.45781326,58.1480217,
58.50572968,7.718945026,58.55466843,57.36741257,
58.60264587,7.470466614,58.65156174,57.04175186,
58.69947815,7.678874969,58.74947739,57.55836868,
58.79747772,7.515803337,58.8484993,56.80968857,
58.8974762,7.391540051,58.94633484,56.02708817,
58.99433136,7.66353178,59.04322815,56.89867401,
59.09116745,7.599687576,59.14014435,57.00829315,
59.18799973,7.633111,59.23802185,57.67556,
59.28699875,7.622723579,59.33597946,58.33634949,
59.38385391,7.525014877,59.43283463,57.31027985,
59.48083496,7.781094074,59.52968597,57.70061493,
59.57764435,7.503071785,59.62764359,57.0043335,
59.67449951,7.669332027,59.72449875,57.23397446,
59.77241516,7.514780998,59.8234787,58.48906708,
59.87135315,7.737502098,59.92241669,57.07434845,
59.97135544,7.636920929,60.02241516,56.81284714,
60.07135391,7.83424902,60.12033463,58.28897095,
60.16841507,7.705864906,60.21718597,58.23471069,
60.26516342,7.995956421,60.31616592,56.21738434,
60.36516571,7.967079163,60.41414261,57.15719986,
60.46199799,7.601193428,60.51099777,57.73233414,
60.55885315,7.639254093,60.60885239,57.13500595,
60.65683365,8.010455132,60.70574951,57.23837662,
60.75366592,7.664567471,60.8046875,57.27212524,
60.85164261,7.499279022,60.90180969,57.73204803,
60.94950104,7.714972496,60.99849701,56.52900696,
61.04635239,7.727798462,61.09635544,56.99254608,
61.14431,7.67209053,61.19433212,56.48562241,
61.2421875,7.67835331,61.29218674,57.04029465,
61.33914566,7.616859436,61.3891449,57.43707275,
61.43700027,7.850182056,61.48622894,57.13470459,
61.53416824,7.96082592,61.58314514,56.73075485,
61.63100052,7.745812893,61.67998123,58.08327866,
61.72789764,7.565430641,61.77898026,57.50854111,
61.82581329,7.821382999,61.87581253,56.18572617,
61.92483139,7.430016518,61.97373199,56.1278801,
62.02164841,7.484143257,62.07064438,57.79298019,
62.11850357,7.658907413,62.16850281,57.31719971,
62.21539688,7.693026543,62.26539612,56.9772644,
62.31231308,7.739488602,62.36231232,57.39909363,
62.41016769,7.825115681,62.45916748,57.26076126,
62.50706482,7.662444592,62.55600357,57.36109924,
62.60400009,7.591672897,62.65289688,58.25705719,
62.70081329,7.481144428,62.74983215,57.85118484,
62.79766846,7.755469799,62.84766769,58.4462738,
62.89664841,7.81613493,62.94564438,56.98207474,
62.99350357,7.596180439,63.04249954,57.44120789,
63.09039688,7.450727463,63.13933563,57.42489624,
63.18731308,7.740226269,63.23831558,56.92114639,
63.28516769,7.670743465,63.33518982,57.19218063,
63.38316727,7.74991703,63.43416595,57.50804901,
63.48314667,7.925276756,63.53208542,56.83362198,
63.58000183,7.907484531,63.62897873,57.03950882,
63.67685699,7.924782276,63.72685623,56.66360855,
63.77481461,7.693613529,63.82374954,57.59437943,
63.87166595,7.442603111,63.92066574,56.72833633,
63.96852112,7.334187508,64.01750183,57.15247345,
64.06541443,7.589963913,64.11650085,58.39224243,
64.16435242,7.926661491,64.21541595,57.65739822,
64.26435852,7.598387241,64.3133316,57.10797119,
64.36125183,7.774404526,64.41231537,57.68758774,
64.46018982,7.734135151,64.50917053,56.37411118,
64.55708313,7.750626087,64.6060257,58.99961853,
64.65399933,7.900205612,64.70291901,57.33572388,
64.75133514,7.719465733,64.80031586,57.84155273,
64.84849548,7.72287941,64.89749908,57.44724655,
64.94535065,8.117483139,64.9953537,57.40976334,
65.04225159,7.543152332,65.09224701,56.68089294,
65.14118958,7.649960041,65.19016266,57.58374023,
65.23808289,7.90171814,65.28807831,57.89155197,
65.33599854,8.053441048,65.38497925,57.09758759,
65.4328537,7.882718086,65.48183441,57.47591019,
65.52974701,7.881035328,65.58083344,57.79190826,
65.62974548,7.802787304,65.67868805,56.38085556,
65.72664642,8.000757217,65.77766418,56.97251511,
65.82558441,7.464668274,65.87664032,58.11139297,
65.92558289,7.528343678,65.97557831,57.64261246,
66.0224762,7.545073032,66.07247925,58.56019211,
66.11933136,7.828251362,66.16933441,57.04965973,
66.2183075,8.047386169,66.2673111,57.16653061,
66.31516266,7.799747467,66.36416626,57.13214493,
66.41201782,7.710678101,66.46099854,57.79705811,
66.5089798,7.665703773,66.5578537,57.68509293,
66.60581207,7.584240437,66.65481567,58.19654083,
66.70266724,8.037120819,66.75180817,58.78889084,
66.7995224,8.183089256,66.84849548,57.47694397,
66.89649963,8.035359383,66.94535065,57.50714874,
66.99333191,7.748199463,67.04433441,56.36839676,
67.09231567,7.693327427,67.14118958,58.00292969,
67.18914032,7.840312958,67.23816681,56.62821198,
67.28599548,8.123373985,67.33514404,56.81623459,
67.38289642,7.534485817,67.43398285,57.82147598,
67.4828949,7.704566002,67.53289032,57.09976578,
67.58083344,7.972123146,67.62981415,57.38275909,
67.67766571,7.662448406,67.72766876,56.84283066,
67.77664185,7.796736717,67.82564545,57.39417648,
67.87349701,7.906276703,67.92456055,58.44415283,
67.97349548,7.95810318,68.02249908,56.94169235,
68.07039642,8.116662979,68.11933136,56.79545212,
68.16733551,7.53863287,68.21622467,56.89699936,
68.26422882,7.803697109,68.31314087,57.69369125,
68.36100006,7.876482964,68.41100311,57.20640564,
68.45789337,8.319900513,68.50683594,57.89009476,
68.55480957,7.558924198,68.60372925,57.71920776,
68.65164185,7.902749062,68.70064545,57.0546875,
68.74850464,7.852952957,68.79751587,57.0793457,
68.84539032,8.061588287,68.89433289,57.06461334,
68.94230652,8.063734055,68.99230957,57.3631897,
69.04122925,8.222378731,69.09017181,58.38109207,
69.13814545,8.12328434,69.18914032,57.94252396,
69.23814392,7.916454315,69.28813934,57.69504166,
69.33705902,7.707668304,69.38600159,57.7486763,
69.43399811,7.77077961,69.48500061,56.87868118,
69.53289032,8.140485764,69.58397675,55.89804459,
69.63289642,7.669985771,69.68289185,57.86474609,
69.72985077,7.654912472,69.77980804,57.3065834,
69.82766724,7.662652016,69.87667084,57.51791,
69.92350006,7.73663187,69.97351837,56.50014114,
70.02149963,7.874531746,70.07250214,57.28209305,
70.12149811,7.969605923,70.17041779,57.51752853,
70.21833801,8.095396996,70.2673111,57.62530518,
70.31518555,8.060541153,70.36422729,56.5035553,
70.41208649,7.740007877,70.46102142,57.2573204,
70.50900269,7.96296072,70.55791473,58.07908249,
70.60583496,8.090053558,70.65685272,58.22280884,
70.70483398,7.714585304,70.75583649,57.56560516,
70.80374908,8.450660706,70.85268402,58.15007401,
70.9006424,7.947502613,70.95166779,56.85066223,
71.00014496,7.829662323,71.05014801,57.92399216,
71.09906769,7.818854332,71.147995,57.6313858,
71.19597626,8.054889679,71.24597931,58.093853,
71.29516602,7.524242401,71.34619141,57.43784332,
71.39516449,7.874442101,71.4441452,57.94042969,
71.49202728,7.853566647,71.54100037,57.33942032,
71.58891296,7.811594009,71.63785553,57.91979599,
71.68582916,8.025925636,71.73683167,57.95000839,
71.78583527,7.970211983,71.83474731,58.03994751,
71.88266754,7.860246181,71.93164825,56.8848381,
71.97952271,8.109853745,72.02880859,57.20544052,
72.07666779,8.166496277,72.12768555,57.42107391,
72.17564392,8.470666885,72.22463989,57.5991478,
72.27249908,7.914216995,72.3214798,56.86902237,
72.36935425,7.526956558,72.41847992,57.73038101,
72.46633148,7.96163559,72.5151825,57.36188126,
72.56316376,7.629752636,72.61216736,57.50760651,
72.66000366,7.955515862,72.71033478,57.67724228,
72.75923157,8.148374557,72.80922699,57.49740982,
72.8571701,8.16343689,72.90714264,56.59244919,
72.95506287,8.169354439,73.00505829,57.5435524,
73.05297852,7.737295151,73.10400391,57.84489441,
73.15297699,8.113265038,73.20198059,57.88992691,
73.25,7.818808079,73.30089569,57.17301559,
73.34983826,7.593972206,73.39881134,56.89552307,
73.44673157,8.215989113,73.49568939,57.30031204,
73.54364777,8.116706848,73.5925827,57.75940323,
73.64050293,8.1030159,73.69050598,57.47675323,
73.73841858,7.806026936,73.78842163,56.56161499,
73.83735657,7.874597073,73.88633728,57.79335403,
73.93424988,7.385536671,73.98318481,56.73301697,
74.03114319,8.237708092,74.08216858,57.83787537,
74.13117218,7.985627174,74.1811676,58.45625305,
74.22800446,8.210107803,74.27799988,57.11719894,
74.32698059,8.110279083,74.37697601,57.4632225,
74.42485046,8.00412941,74.47485352,56.52335358,
74.52383423,8.158119202,74.57383728,57.18833923,
74.62174988,7.964095116,74.67068481,57.27658844,
74.71864319,8.083372116,74.76758575,58.23091125,
74.81550598,8.201449394,74.86447906,57.07113647,
74.91235352,7.520542622,74.96133423,57.39430237,
75.00925446,8.270917892,75.05818939,57.65957642,
75.10614777,8.033821106,75.1550827,57.1892128,
75.20300293,8.056362152,75.2519989,57.55981064,
75.30000305,7.715167522,75.34999847,57.24813843,
75.39783478,7.875231266,75.44883728,57.88788605,
75.49781036,7.627803326,75.54781342,55.85132217,
75.59467316,7.834479332,75.64466858,57.31347275,
75.69364166,8.023422241,75.74264526,57.79988098,
75.79050446,7.999382019,75.83947754,57.16024399,
75.88735199,7.854346275,75.9363327,57.27084732,
75.98430634,7.78208828,76.03530884,57.41370392,
76.08431244,8.039442062,76.1333313,57.44521713,
76.1811676,8.05081749,76.2321701,57.69894028,
76.27902222,7.778405666,76.32800293,56.43119812,
76.37599945,8.504237175,76.42485046,56.83057404,
76.47280884,7.622631073,76.52383423,57.86518097,
76.57280731,8.512691498,76.62181091,57.39393997,
76.6696701,7.708483696,76.72072601,57.38991547,
76.76864624,8.095651627,76.81764221,57.92852783,
76.8655014,8.257706642,76.91447449,57.22080612,
76.96239471,8.231067657,77.01347351,58.15272903,
77.06239319,8.558628082,77.11133575,57.12914276,
77.15930939,7.688260078,77.21031189,58.26038361,
77.25930786,7.962325573,77.30822754,57.40689468,
77.35617065,8.01002121,77.40514374,57.2358551,
77.45300293,7.9721241,77.50405884,57.36154938,
77.5530014,7.89088583,77.60197449,57.26560211,
77.64989471,8.156939507,77.69989777,57.1946106,
77.7488327,7.95301342,77.7978363,57.5300827,
77.84572601,7.889473915,77.89466858,57.05753326,
77.94264221,7.879683971,77.99156189,57.48869324,
78.03947449,7.791694164,78.08850098,57.10134125,
78.13635254,8.418540955,78.18739319,58.1000061,
78.23633575,7.919303894,78.28530884,57.41286087,
78.33322906,7.887372017,78.38217163,57.85689926,
78.43016815,8.099814415,78.48114777,57.49458694,
78.53014374,8.002485275,78.57906342,57.65264893,
78.6269989,7.928756237,78.67597961,57.76251221,
78.72385406,7.923569679,78.77281189,57.70176697,
78.82072449,7.959510326,78.87181091,56.4670105,
78.92075348,8.067029953,78.96968842,57.09398651,
79.01766968,8.149661064,79.06658173,57.47435379,
79.11447906,7.958425045,79.16551971,57.06578445,
79.2124176,8.133820534,79.26242065,57.34086609,
79.31135559,8.003680229,79.3603363,57.01720047,
79.4082489,8.355358124,79.45931244,56.84765244,
79.50718689,8.091021538,79.5561676,56.30143738,
79.60408783,7.917068958,79.65514374,56.84069824,
79.7040863,8.074806213,79.75302124,58.16617203,
79.80097961,7.952658653,79.84999847,57.64826965,
79.89783478,8.061139107,79.94885254,56.85219955,
79.99783325,7.960332394,80.04680634,56.49892426,
80.09468842,7.95819521,80.14575195,56.52206802,
80.19468689,8.372444153,80.2436676,57.22441483,
80.29158783,8.00580883,80.34158325,57.0472374,
80.39051819,8.358830452,80.4394989,58.01092911,
80.48747253,8.13219738,80.53635406,57.38547516,
80.58431244,8.095583916,80.63330841,56.86979294,
80.6811676,8.070957184,80.73066711,57.8002243,
80.77749634,8.065075874,80.82749939,57.24728012,
80.87674713,7.955353737,80.92675018,57.6687088,
80.97568512,8.424308777,81.02548218,58.26180649,
81.07333374,7.943052769,81.12439728,59.1587944,
81.17131042,7.734233379,81.2202301,57.2538147,
81.26815033,8.164028168,81.31718445,56.19247818,
81.36499786,8.198609352,81.41397858,57.563591,
81.4618988,8.123298645,81.5129776,56.60491562,
81.56189728,8.093746185,81.61083221,57.4535408,
81.65882874,7.984288216,81.70773315,57.30574799,
81.75564575,7.809809208,81.80466461,57.11585617,
81.8525238,7.746208191,81.90357971,56.65474319,
81.95252228,7.870743275,82.00149536,56.73536682,
82.04941559,7.968558788,82.10047913,57.41819382,
82.14941406,7.786607742,82.19835663,56.7469101,
82.246315,8.026852608,82.29524994,57.4682045,
82.34316254,8.303659439,82.39216614,57.3837204,
82.44002533,8.027113914,82.48899841,58.25627136,
82.53691101,7.634961605,82.58585358,57.13177109,
82.63381195,8.272963524,82.68281555,56.38735199,
82.73083496,8.19901371,82.7816925,57.57237625,
82.82858276,7.896555424,82.87857819,57.56404495,
82.92752075,8.336986542,82.97649384,56.66821289,
83.02441406,8.333106995,83.07549286,56.06017685,
83.12335968,8.312083244,83.17447662,57.07813263,
83.22335815,7.981109619,83.27233124,57.36271286,
83.3203125,8.028770447,83.371315,57.85480881,
83.41816711,7.918881416,83.4673996,57.2866478,
83.51533508,8.08561039,83.5643158,57.41604996,
83.61216736,7.971346378,83.6632309,57.4503746,
83.71216583,7.825442791,83.76114655,56.95048904,
83.80906677,8.160364151,83.85906219,57.68721008,
83.90799713,8.086810112,83.95698547,58.20677185,
84.00489807,8.219323158,84.0559845,57.51579666,
84.10489655,8.501852036,84.15383148,57.96903229,
84.201828,8.374317169,84.25073242,57.42609406,
84.29865265,8.302727699,84.34764862,57.26142502,
84.39556122,8.044988632,84.4444809,57.70342636,
84.49240112,8.094502449,84.54133606,57.80744171,
84.58931732,8.163855553,84.64031219,57.52745438,
84.68716431,8.105791092,84.73716736,57.7988739,
84.78616333,8.125332832,84.83515167,57.89805984,
84.88300323,8.068798065,84.93199921,57.73817825,
84.97989655,8.052124977,85.02883148,57.37431717,
85.07681274,8.360570908,85.12573242,57.39442444,
85.17366791,7.680183887,85.22264862,57.99816895,
85.27050018,7.957777977,85.3194809,56.63415527,
85.36740112,8.426980972,85.41847992,57.74511337,
85.4673996,8.395863533,85.51633453,57.59509659,
85.5643158,7.986413479,85.61533356,57.08272934,
85.66431427,8.340144157,85.71324921,57.51296616,
85.7611618,8.116700172,85.81015015,58.07455444,
85.8580246,8.219456673,85.90699768,57.81261063,
85.95491791,7.979794502,86.00598145,57.86982727,
86.05491638,7.865972996,86.10385895,56.85070801,
86.15183258,8.371291161,86.20283508,57.30692291,
86.2518158,8.067412376,86.30075073,56.52378082,
86.34866333,8.209506035,86.39968872,57.26029587,
86.4486618,8.081217766,86.49766541,56.95490265,
86.5455246,7.97459507,86.59658051,57.10870361,
86.64552307,8.199635506,86.69449615,58.08605194,
86.74241638,7.945297241,86.79135895,57.41286469,
86.83933258,8.296863556,86.88825226,56.91857147,
86.93616486,8.38804245,86.98719025,57.08494568,
87.03616333,8.058419228,87.08515167,58.3730545,
87.13302612,8.387089729,87.18199921,56.74175262,
87.22998047,8.032734871,87.27885437,57.11409378,
87.32681274,7.956603527,87.3768158,56.39841843,
87.42581177,8.213822365,87.4746933,57.1541481,
87.52265167,7.937514305,87.5736618,57.62355423,
87.62265015,8.267618179,87.67164612,57.84952927,
87.71949768,8.211774826,87.77052307,57.38854218,
87.81949615,8.037685394,87.86849976,56.94441605,
87.91635895,8.26938343,87.96748352,57.27213669,
88.01635742,8.340736389,88.06533051,56.33569717,
88.11331177,7.902134418,88.16431427,57.67298508,
88.21116638,8.070908546,88.2611618,57.38516235,
88.31016541,7.969680309,88.35914612,58.02275467,
88.40699768,8.56316185,88.45806122,57.63059616,
88.50498199,8.106970787,88.55497742,57.04187012,
88.60181427,8.355248451,88.65181732,56.8286438,
88.70081329,8.235492706,88.74973297,57.69874573,
88.79766083,8.139134407,88.84866333,57.50764084,
88.89765167,8.195578575,88.94664764,56.63654327,
88.99449921,8.289499283,89.04349518,58.0357132,
89.09191895,8.21552372,89.14216614,58.03942871,
89.1901474,8.267697334,89.2390213,58.37574387,
89.28697968,8.420948982,89.33698273,57.3958168,
89.3859787,8.19549942,89.4348526,58.52113724,
89.48281097,8.314929962,89.53281403,58.15593719,
89.58072662,8.108149529,89.63181305,57.88372803,
89.68102264,8.152614594,89.72999573,57.95422745,
89.77783203,8.539318085,89.82681274,56.50780869,
89.87473297,8.123224258,89.92366791,58.3693924,
89.97164917,8.321169853,90.02265167,57.01781082,
90.07164764,8.25181675,90.1216507,57.13120651,
90.16950226,8.297986031,90.2205658,57.421875,
90.26950073,8.222805977,90.31848145,56.89406967,
90.36640167,7.974978447,90.41532898,57.72248077,
90.46331024,8.047672272,90.51222992,57.17682266,
90.56016541,8.389353752,90.60914612,56.97077179,
90.65699768,8.590961456,90.70600128,56.82741928,
90.75285339,8.003780365,90.80285645,55.86067963,
90.85182953,8.585630417,90.90197754,56.30618286,
90.94869232,8.216777802,90.99868774,56.55795288,
91.04766083,8.137570381,91.09664917,56.74720764,
91.14452362,8.306483269,91.19557953,57.52228546,
91.24452209,8.357242584,91.29349518,56.90420914,
91.34141541,8.550027847,91.39247894,57.37643051,
91.43933105,8.211953163,91.48933411,57.29592514,
91.53831482,8.27117157,91.58724976,57.25082016,
91.63516235,7.88769865,91.68618774,57.25765991,
91.73516083,8.301589966,91.78414917,57.29948807,
91.83202362,8.4486866,91.8809967,57.24876022,
91.92891693,8.056745529,91.97998047,57.93587494,
92.02785492,7.940917969,92.07891083,56.65175247,
92.12785339,8.125762939,92.17683411,57.26310349,
92.22422791,8.440304756,92.27347565,56.23675156,
92.32135773,8.205140114,92.37033844,57.77012253,
92.41825104,8.299728394,92.46933746,56.92861938,
92.51825714,7.952866077,92.56718445,58.43086624,
92.61514282,8.05132103,92.66616821,58.61798859,
92.71517181,8.295062065,92.7641449,57.65684509,
92.81200409,8.078083038,92.86097717,58.61796188,
92.90885162,8.497467041,92.95783997,57.69298553,
93.00575256,8.282377243,93.05680847,57.30670929,
93.10575104,8.132055283,93.15468597,58.17151642,
93.20264435,8.642715454,93.25366974,57.57832718,
93.30264282,8.039729118,93.35158539,57.13725281,
93.39950562,8.180270195,93.45052338,57.5766983,
93.49850464,8.553985596,93.5510025,57.87673187,
93.59981537,8.522799492,93.65081024,56.89221191,
93.69983673,8.393238068,93.74873352,57.77906418,
93.79664612,8.579204559,93.84564972,57.33968735,
93.89350128,8.316074371,93.94456482,57.14134598,
93.99349976,8.092092514,94.04248047,57.33716965,
94.0904007,8.25798893,94.139328,57.19853973,
94.18730927,8.522727966,94.23622894,57.7260437,
94.28414917,8.459209442,94.33516693,57.21944427,
94.38314819,8.194576263,94.43206024,57.38187027,
94.47998047,8.498209953,94.52897644,57.28574753,
94.576828,8.249211311,94.62581635,57.22787857,
94.67372894,8.029336929,94.72481537,58.33619308,
94.77372742,8.431917191,94.82373047,56.91440582,
94.87064362,8.72706604,94.92066956,57.7819519,
94.96849823,8.214846611,95.01747894,56.22027206,
95.06539917,7.857609749,95.11539459,57.88376236,
95.164505,8.492037773,95.21447754,57.16667557,
95.26233673,8.594036102,95.31331635,57.53092575,
95.36122894,8.342358589,95.41016388,57.13860321,
95.45814514,8.525508881,95.50706482,58.05810547,
95.55500031,8.114721298,95.60398102,57.02465057,
95.65183258,8.429869652,95.70200348,57.55634308,
95.75108337,8.486084938,95.80214691,57.07637024,
95.84899902,8.137635231,95.89900208,57.22681808,
95.94798279,8.167523384,95.99691772,57.80558777,
96.04483032,8.364992142,96.09585571,57.07930374,
96.14281464,8.141183853,96.19281769,57.36405182,
96.24117279,8.464708328,96.2904129,57.3253212,
96.33833313,8.335572243,96.38731384,57.52891922,
96.43518829,8.34773159,96.48416138,57.41069031,
96.5320816,8.460554123,96.58314514,56.5307579,
96.63114166,8.31270504,96.68208313,57.6199379,
96.73131561,7.93383646,96.78131866,56.65225983,
96.82919312,8.338579178,96.87918854,57.81263733,
96.93131256,8.46424675,96.98183441,57.35246658,
97.02999878,8.192778587,97.08102417,57.01382446,
97.13031769,8.207270622,97.17919159,57.24527359,
97.22714996,8.376267433,97.27714539,57.17088318,
97.32614899,8.279606819,97.37614441,56.66448975,
97.42502594,8.099862099,97.47399902,57.60427094,
97.52198029,8.344434738,97.57089996,58.51043701,
97.61881256,8.580469131,97.66983032,58.52254868,
97.71883392,8.296531677,97.76781464,57.49770355,
97.81517029,8.331585884,97.86414337,57.43194962,
97.91201782,8.424318314,97.96100616,58.76320648,
98.00891876,8.457101822,98.0578537,58.11763763,
98.1060257,8.185479164,98.15714264,57.69632721,
98.20602417,8.154188156,98.25499725,55.9743576,
98.30297852,8.284602165,98.35398102,58.22294998,
98.40297699,8.502916336,98.45185852,57.48875427,
98.49980927,8.530101776,98.54981232,57.20757675,
98.59666443,8.203544617,98.64665985,56.97219467,
98.69464874,8.357987404,98.74356079,56.53692627,
98.79150391,8.460349083,98.84047699,57.0153389,
98.88832855,8.519006729,98.9383316,57.45513153,
98.98733521,8.017093658,99.03733826,56.11013031,
99.08633423,7.968362331,99.13523102,57.29115677,
99.1828537,8.311013222,99.23183441,57.32210922,
99.27980804,8.120536804,99.32868958,57.16233444,
99.37664032,8.368678093,99.42664337,56.98150253,
99.47350311,8.072627068,99.52350616,57.35397339,
99.57250214,8.569190025,99.62147522,57.0256424,
99.66933441,8.552847862,99.72035217,57.87730026,
99.76933289,8.220599174,99.8183136,57.53331757,
99.8662262,8.501994133,99.91516876,57.19880676,
99.9631424,8.580910683,100.0141449,57.41148376,
100.0631409,8.359895706,100.1131668,56.93904877,
100.1600037,8.20704937,100.2099991,56.80346298,
100.2568359,8.369389534,100.306839,57.26569748,
100.3558121,8.619029999,100.404808,56.51252365,
100.4526672,8.045315742,100.5037308,58.26008606,
100.5506439,8.815202713,100.6006393,57.77341461,
100.649559,8.395275116,100.6985016,58.02580261,
100.7464752,8.312525749,100.7953949,57.02359009,
100.8433075,8.402291298,100.8943329,57.20543671,
100.9423065,8.512914658,100.993309,57.7025795,
101.0423126,8.687267303,101.0912247,56.92635345,
101.1391449,8.604976654,101.1881409,57.83012009,
101.2360001,8.140827179,101.2850037,57.36595154,
101.3328934,8.396216393,101.3839798,56.46924591,
101.4329147,8.29948616,101.4818344,57.57029724,
101.529808,8.677114487,101.5808105,57.72960663,
101.6298065,8.277295113,101.6787262,57.97376251,
101.7266464,8.212492943,101.7756653,58.05471802,
101.8235016,8.31082058,101.8745575,57.00780106,
101.9235001,8.183554649,101.9724808,57.31713104,
102.0203934,8.724169731,102.0714798,57.73133087,
102.1206741,8.164031982,102.1716843,57.75231171,
102.2206726,8.278492928,102.2696457,56.23686981,
102.3175201,8.512442589,102.3678131,57.99670792,
102.4156876,8.41461277,102.4646683,56.70824814,
102.5126495,8.55977726,102.5615234,57.12688828,
102.6094818,8.493863106,102.658493,57.56412506,
102.7063293,8.605944633,102.7568512,57.55092621,
102.8048325,8.10442543,102.855835,57.44968033,
102.9037552,8.170146942,102.9548111,56.91315079,
103.0037537,8.270645142,103.0526886,57.68494797,
103.1006393,7.832923889,103.1516647,58.16012955,
103.1985168,8.479022026,103.2488098,58.85658264,
103.2978134,8.643279076,103.3466873,56.89211655,
103.3946686,8.369140625,103.4436417,57.82631302,
103.4915009,8.574285507,103.5425186,57.80651093,
103.591507,8.311689377,103.64048,58.07585144,
103.6883545,8.454549789,103.7373352,56.44165421,
103.7853088,8.495674133,103.8341904,56.63965988,
103.8821487,8.260782242,103.9316483,57.73454666,
103.9794998,8.557324409,104.0284958,56.4227066,
104.0753326,8.307173729,104.1253357,58.22148514,
104.1722488,8.351337433,104.2214737,57.18231583,
104.2693558,8.29094696,104.3183365,58.35425568,
104.366333,8.664143562,104.4163971,57.26599503,
104.4651871,8.606498718,104.5145035,56.85507584,
104.5623398,8.703613281,104.6157303,57.92843246,
104.6636505,8.521614075,104.7146683,56.99080658,
104.7615662,8.534702301,104.8115616,56.88257599,
104.8594818,8.389595985,104.9104996,57.95328522,
104.9594955,8.134936333,105.0084763,57.53094482,
105.0563278,8.485329628,105.1053162,57.2606163,
105.153244,8.570436478,105.2043304,56.66656876,
105.2532272,8.339589119,105.3021927,56.16166687,
105.3503113,8.20392704,105.3990784,58.52024841,
105.4469986,8.443611145,105.4959946,57.48236847,
105.5438538,8.633366585,105.5938568,57.11065292,
105.6428299,8.288298607,105.6918106,57.52087021,
105.7399826,8.291622162,105.7910004,57.27448654,
105.8389816,8.664242744,105.8902283,57.08631897,
105.9391708,8.68556881,105.9883957,57.62631226,
106.0363083,8.475251198,106.0873337,56.55363846,
106.1342545,8.340418816,106.1831741,58.37268448,
106.2311707,8.485785484,106.2811661,58.70724869,
106.3280182,8.120585442,106.3779755,57.83036423,
106.4269791,8.475584984,106.475975,56.59551239,
106.5238342,8.30051899,106.5728378,57.81269836,
106.6206741,8.502012253,106.6696854,58.25385666,
106.7175827,8.495926857,106.7688141,57.59651566,
106.8175888,8.557575226,106.8665237,57.50508499,
106.914505,8.631024361,106.9654999,57.21813583,
107.012352,8.230870247,107.062355,57.99908829,
107.1103134,8.439184189,107.1613388,57.73889923,
107.2092514,8.358801842,107.2603073,57.15421677,
107.3092499,8.298952103,107.3581848,57.08919525,
107.4061432,8.355865479,107.4551468,57.17746353,
107.503006,8.557375908,107.5540237,57.50057602,
107.6030045,8.365949631,107.6519775,57.55302811,
107.699852,8.7706213,107.7491455,57.35386658,
107.7969971,8.596377373,107.8480225,57.94551468,
107.8950043,8.854750633,107.9449768,57.82079697,
107.9938965,8.458390236,108.0438995,57.02491379,
108.0928268,8.462637901,108.1428299,57.69420242,
108.1918106,8.575462341,108.2408142,57.39849472,
108.2886658,8.317316055,108.3386612,57.21132278,
108.3876495,8.666124344,108.4366455,57.95899582,
108.4844971,8.50728035,108.5355606,57.0326004,
108.5834808,8.276003838,108.6344986,57.41878891,
108.6813965,8.415122986,108.7313995,57.60593033,
108.7803268,8.590293884,108.8293152,56.94672394,
108.8772278,8.442198753,108.9261627,58.12754059,
108.974144,8.51540184,109.0230637,57.06393051,
109.0709991,8.669636726,109.1209793,56.40494919,
109.1700058,8.769702911,109.218895,57.36194611,
109.2668915,8.49314785,109.3158112,57.50272369,
109.3636627,8.441655159,109.4126434,58.30431366,
109.4605637,8.496101379,109.5094986,58.69658279,
109.5574799,8.293526649,109.6063995,57.59979248,
109.6543121,8.406586647,109.7053299,57.33061981,
109.7538071,8.558851242,109.8038101,58.13871002,
109.8528137,8.868221283,109.9019775,57.06521225,
109.9488907,8.472887993,109.9988327,57.28707504,
110.0478134,8.766724586,110.0968094,57.60681915,
110.1446686,8.306962013,110.1946716,57.1559639,
110.2436676,8.33291626,110.2926712,57.38948822,
110.3404999,8.555577278,110.3894806,57.60160828,
110.4373932,8.523805618,110.4866486,57.09760666,
110.5336456,8.148715019,110.5836639,57.46411133,
110.6303558,8.611858368,110.6803513,57.24444962,
110.7272491,8.260296822,110.7772446,56.83032608,
110.8261871,8.704312325,110.8761902,56.42126083,
110.9241486,8.850083351,110.9730759,58.14329147,
111.0209961,8.469027519,111.0720215,57.49898529,
111.1209946,8.591945648,111.1700211,57.63034058,
111.2178574,8.710451126,111.2669754,57.18367767,
111.314743,8.439364433,111.3636856,56.87189102,
111.411644,8.416975021,111.4626617,57.3404007,
111.5095215,8.753447533,111.5595245,56.99139786,
111.6074753,8.807257652,111.658493,57.4788208,
111.7075043,8.66750145,111.7574997,58.43370438,
111.8043289,8.32134819,111.854332,58.3691597,
111.9033127,9.008366585,111.9523087,57.81150055,
112.0001907,8.694374084,112.0511856,56.99409103,
112.1003113,8.711755753,112.149147,56.69762039,
112.1970215,8.343711853,112.2459946,56.76000977,
112.2939758,8.53392601,112.3449783,57.60454941,
112.3939743,8.420332909,112.4428558,56.49488068,
112.491066,8.658377647,112.5410614,57.21890259,
112.590332,8.539376259,112.6413116,56.72816467,
112.6903152,8.82638073,112.739502,57.1197052,
112.7863541,8.537135124,112.8363495,56.73493576,
112.883255,8.514665604,112.9332504,58.17068481,
112.9812241,8.618559837,113.0321884,57.74704361,
113.0812225,8.634057045,113.1301422,56.04141617,
113.1780167,8.329236031,113.2280197,58.37560654,
113.2770004,8.436220169,113.3259735,57.50563049,
113.3738556,8.547768593,113.4228363,56.84539795,
113.4708099,8.825399399,113.5218353,57.36183548,
113.5708084,9.101260185,113.6196823,57.50513077,
113.6676712,8.66930294,113.7186661,58.33963013,
113.7676468,8.654619217,113.8166428,57.35519409,
113.864502,8.440602303,113.9155197,57.55339432,
113.9645004,8.662656784,114.0134735,57.47521973,
114.0613556,8.9741745,114.1103363,57.54816818,
114.1583099,8.597909927,114.2071838,57.54158783,
114.2551422,8.644966125,114.3061676,57.13817215,
114.3551407,8.75003624,114.4041443,57.58607483,
114.4520035,8.265155792,114.5019989,57.58013535,
114.5510025,8.332831383,114.5999985,57.02969742,
114.6479187,8.376514435,114.6978378,57.52692032,
114.7447281,8.514834404,114.7947235,57.06702423,
114.8436661,8.601940155,114.8926697,57.17630005,
114.9405594,8.824503899,114.9916458,57.86920929,
115.0405579,8.66637516,115.0895004,57.53989029,
115.1374969,8.408736229,115.1863937,56.81695175,
115.2343063,8.881175995,115.2833328,58.15249634,
115.3312225,8.600218773,115.382225,58.20291901,
115.4311676,8.333979607,115.4801407,57.41585541,
115.5280609,8.942662239,115.5780563,57.30686569,
115.6269989,8.658080101,115.6759796,58.46586227,
115.7238922,8.738248825,115.7728348,58.01105881,
115.8228378,8.787618637,115.8718109,57.10334015,
115.9197235,8.57708168,115.9708099,57.22803116,
116.0200043,8.383758545,116.0689774,56.88152313,
116.1168518,8.596248627,116.1658401,56.36627579,
116.2137527,8.396401405,116.2626877,57.77151489,
116.3106689,8.840198517,116.3595886,57.64381409,
116.4075012,8.657483101,116.458519,57.94043732,
116.5074997,8.443375587,116.5564804,57.32727814,
116.6043549,8.485156059,116.6533356,57.40901184,
116.7012558,8.818264008,116.7501907,58.22591019,
116.7981415,8.521061897,116.847084,58.06729507,
116.8950043,8.613909721,116.946022,57.56802368,
116.9950027,8.749710083,117.0439987,58.29745865,
117.0918503,8.774787903,117.1429214,57.16191483,
117.19133,8.500237465,117.241333,57.72312164,
117.2903137,8.788513184,117.3393173,56.8572731,
117.3871689,8.908790588,117.4361496,57.38721466,
117.4840622,8.48720932,117.5351486,57.95428085,
117.5840683,8.465843201,117.6340637,57.28089523,
117.6829987,8.745476723,117.7319794,57.69933319,
117.7798996,8.404934883,117.8288574,57.31629562,
117.8775635,8.451730728,117.9268112,57.6503334,
117.9749756,8.511796951,118.026001,55.99702072,
118.074173,8.593946457,118.1241684,57.56637192,
118.172142,9.060948372,118.2221451,57.57839584,
118.271019,8.683021545,118.3199997,56.69690704,
118.3680038,8.761297226,118.4169998,57.73328018,
118.4648132,8.606188774,118.5148087,57.79224396,
118.5627289,8.739569664,118.6138077,57.19223022,
118.6616669,8.691117287,118.7106476,57.2756691,
118.7585602,8.848191261,118.8085632,57.95129776,
118.8575058,8.659181595,118.9064789,57.35389709,
118.9543915,8.586557388,119.003334,56.62370682,
119.0513077,8.68615818,119.1013107,58.41339493,
119.1502304,8.795865059,119.2002258,57.40497208,
119.2481461,8.841244698,119.2971649,57.53918839,
119.3450012,8.444374084,119.3939743,56.94178391,
119.4429779,8.702274323,119.4918976,57.73244476,
119.5398102,8.640369415,119.5908356,57.58132553,
119.6377258,8.327946663,119.6877289,57.3117485,
119.7351608,8.639561653,119.7851486,57.25520325,
119.8340836,8.647790909,119.8851471,57.73495483,
119.9319992,8.477496147,119.9823303,57.12129211,
120.0301666,8.645273209,120.0791397,57.12133408,
120.1270599,8.701116562,120.1770554,57.35321426,
120.2239838,8.70361805,120.2739792,56.59391022,
120.3208313,8.921645164,120.3708115,57.60681152,
120.4176712,8.488035202,120.4676666,57.01847076,
120.5166397,8.875961304,120.5666428,57.64358521,
120.6156464,8.683246613,120.66465,57.3874588,
120.7127304,8.492566109,120.7627258,58.51958084,
120.8096466,8.870278358,120.859642,57.8143692,
120.9085617,8.465401649,120.9575195,57.21180344,
121.0054779,8.867878914,121.0554733,57.46096802,
121.1033554,8.636563301,121.1544189,57.83463669,
121.2033539,9.148603439,121.2526474,56.73081589,
121.2997284,8.916288376,121.3497314,57.28403473,
121.3966446,8.992379189,121.4466476,57.34460831,
121.4944992,8.848781586,121.5434799,57.44560623,
121.5914001,9.131188393,121.6413956,57.39060974,
121.6903305,9.086623192,121.7403336,57.54177094,
121.7893143,8.849812508,121.8383102,57.68876648,
121.8861618,8.473716736,121.9351654,57.20051956,
121.9830627,8.373934746,122.0319977,58.25060654,
122.0799942,8.528366089,122.1299973,56.78057861,
122.1789017,8.774614334,122.227829,57.41973114,
122.2758102,8.8067379,122.326828,57.77573395,
122.3758163,8.797426224,122.4247284,58.38182068,
122.4726639,8.795082092,122.5216446,57.57724762,
122.5694962,8.317893028,122.6184845,56.96795273,
122.6663971,8.52610302,122.7164001,57.42259216,
122.7643127,8.515280724,122.8133163,57.94480896,
122.8611679,8.743305206,122.9101486,56.50397491,
122.9580612,8.506429672,123.0091629,56.15538406,
123.0569992,8.837735176,123.1080627,57.40877533,
123.1569977,8.618930817,123.2059784,57.70735168,
123.2538986,8.705332756,123.3049774,57.87662888,
123.3538971,8.918786049,123.4041672,57.50831223,
123.4531479,8.581567764,123.5020828,57.68836212,
123.5500031,8.703794479,123.598999,58.01554871,
123.6468506,8.712172508,123.6958313,56.82008743,
123.7437515,8.742358208,123.7948151,57.54581833,
123.84375,9.043423653,123.8929749,57.09320831,
123.9403534,8.709710121,123.9893341,57.68543625,
124.0372467,8.980480194,124.0861893,57.02265167,
124.1341629,9.126861572,124.1830826,57.89190292,
124.2309952,8.803440094,124.2799835,57.3145256,
124.327858,8.701348305,124.3789139,57.82968903,
124.4278564,9.063667297,124.4768295,58.5308342,
124.5247498,8.847520828,124.5758133,58.32130051,
124.6268311,8.909557343,124.6778564,56.43935776,
124.7268295,8.896922112,124.7758102,57.39595795,
124.8236923,8.799866676,124.8747482,57.88592529,
124.9236908,8.914172173,124.9726639,58.12518311,
125.0205841,8.562371254,125.0716476,56.82104111,
125.1205826,8.642598152,125.1695251,56.94829559,
125.2174835,9.180721283,125.2685013,56.82652283,
125.317482,8.410705566,125.366478,57.49231339,
125.414505,8.578166008,125.4653549,57.47333145,
125.514328,8.716309547,125.5633163,56.05144119,
125.6111908,8.612603188,125.6623154,57.01170349,
125.7111893,8.844615936,125.7601624,57.38960266,
125.8081436,8.383852959,125.8591614,57.68570709,
125.9081497,8.870038986,125.9570236,57.59072113,
126.004982,8.516929626,126.053978,57.36046219,
126.1018295,8.927222252,126.1528549,56.83477783,
126.201828,8.689311981,126.2508163,57.44432831,
126.2986908,8.936562538,126.3476639,57.61905289,
126.3956451,8.663256645,126.4445267,58.1060791,
126.4924774,8.764591217,126.541481,57.87512207,
126.5893326,8.750535965,126.640358,57.49708176,
126.6893311,8.751750946,126.7383118,57.09789276,
126.786232,8.855232239,126.8373337,57.48452759,
126.8862305,8.925689697,126.9351654,56.94627762,
126.9831467,8.809324265,127.0341492,57.43412018,
127.0810013,9.186999321,127.1309967,56.41394424,
127.1778946,8.664388657,127.2278976,57.23384476,
127.2768326,9.013600349,127.3258286,56.53573227,
127.3737335,8.691563606,127.4248123,57.73048782,
127.473732,8.902667999,127.5226669,57.59090042,
127.5706711,8.686338425,127.6195602,57.50720978,
127.6674805,8.758530617,127.7164764,57.3337059,
127.7653961,8.89840126,127.8156662,57.56473541,
127.8635788,9.26414299,127.9125214,57.36983871,
127.960495,8.927512169,128.0094147,57.11311722,
128.0573273,8.635251045,128.106308,58.24098969,
128.1541901,8.780189514,128.2031708,57.54545593,
128.2510834,8.816875458,128.3021698,58.0904808,
128.3510895,8.661407471,128.4000244,56.70915222,
128.447998,8.857114792,128.4989929,57.67456055,
128.5479889,8.485406876,128.5969086,57.5477829,
128.6448364,8.248094559,128.6958618,57.90642166,
128.7448273,8.673887253,128.793808,57.30749512,
128.8416901,8.991662979,128.8906708,56.60042953,
128.9385834,8.768300056,128.9896545,57.45153809,
129.0385895,8.633637428,129.0875244,57.66970825,
129.1354828,8.477805138,129.1864929,57.21681976,
129.2354889,8.55724144,129.2844849,58.03054428,
129.3323364,8.986813545,129.3833618,56.95952988,
129.4323273,8.824313164,129.481308,57.11521912,
129.5291901,8.80142498,129.5781708,57.44533157,
129.6261444,8.894047737,129.6761475,57.3420105,
129.7250214,8.661190987,129.7740021,56.93214798,
129.8219757,8.870218277,129.8719788,56.72471619,
129.9208527,8.914357185,129.9698334,58.31031418,
130.017807,9.066894531,130.0688171,56.01182556,
130.116684,8.949015617,130.1678162,58.26963806,
130.2166901,8.535643578,130.2656708,56.91933441,
130.3136444,8.845087051,130.3625641,57.50884247,
130.4104767,8.76309967,130.4604797,56.35463715,
130.5094757,8.889579773,130.5583649,57.89337158,
130.606308,9.104912758,132.9053192,55.78639221,
132.9531708,15.89516926,133.0021515,55.42346191,
133.0500641,16.86549187,133.1000824,55.79336929,
133.1480255,17.01694489,133.196991,55.78573608,
133.2448578,18.26532364,133.2959137,55.77041245,
133.3448639,19.25457191,133.3938293,55.63626099,
133.4417419,19.9530983,133.4906921,56.06983566,
133.5388489,21.05063057,133.5899963,56.14558029,
133.638855,21.8526268,133.6878357,55.70733643,
133.7358093,22.32461739,133.7868195,55.51941299,
133.8358154,22.34804153,133.8858185,56.88204193,
133.9346771,23.49398422,133.9836731,55.78348541,
134.0316467,24.20669556,134.0805206,56.36155701,
134.128479,24.75515938,134.177475,55.92943954,
134.2250824,25.51503563,134.2740173,56.2303009,
134.3219757,26.56359673,134.3730011,56.38232422,
134.4198608,25.95734978,134.4698639,56.41376877,
134.5188293,27.20748138,134.5678101,56.02676392,
134.6156921,27.06062698,134.6646576,56.12683487,
134.7126617,28.1260891,134.7636414,56.40126419,
134.8115234,28.01016808,134.8626556,55.35342789,
134.9115295,28.00553513,134.960495,57.04523849,
135.0084839,28.88606071,135.0594788,56.21498489,
135.1084747,29.10552216,135.1573639,55.9515686,
135.205307,29.5861969,135.2543182,56.40730286,
135.3021698,29.40585709,135.3511505,54.97478485,
135.3990173,30.72114372,135.4501495,56.29602814,
135.4990234,30.35361099,135.5480042,55.52924347,
135.5959778,30.78594398,135.6448517,56.41399765,
135.6928253,31.67378616,135.7438354,56.04064178,
135.7906952,31.62451553,135.840683,55.84054947,
135.8896637,31.55818176,135.9386444,55.95840454,
135.9865265,31.93577385,136.0354919,55.46896744,
136.0834808,32.03366852,136.1344757,55.96234131,
136.1834869,33.09175491,136.2323914,55.24095917,
136.2803192,32.22206879,136.3293152,56.20121384,
136.3771667,33.64843369,136.4282379,55.96469498,
136.4771576,32.87319946,136.5261536,57.15277863,
136.5740509,33.41578674,136.6251678,56.23330688,
136.674057,33.53127289,136.7229919,55.87404251,
136.7709808,32.80478668,136.8219757,57.03939819,
136.8709869,33.52619171,136.9198914,55.91355133,
136.967804,34.12220764,137.0188293,56.03258896,
137.0678101,33.60769653,137.116806,55.09396362,
137.1647339,34.61280441,137.2136383,56.65908432,
137.2615509,34.85296249,137.3126526,56.37637711,
137.361557,35.32051849,137.4108124,55.57401657,
137.4586945,35.27742767,137.5097504,56.21740341,
137.5586853,34.67448044,137.607666,55.55291748,
137.6555786,35.62287521,137.7045288,55.69967651,
137.7525024,34.61617279,137.8034973,56.76865005,
137.852478,35.99223709,137.901413,56.83604813,
137.9493256,35.14849472,137.9983063,56.14699936,
138.0461884,35.85199738,138.0972443,56.8608551,
138.1461945,35.21557617,138.1951599,55.95890045,
138.2430878,35.57246399,138.2920227,56.3000145,
138.3399811,36.75194931,138.3910065,56.06148529,
138.4399719,36.53535461,138.4889221,55.75026321,
138.5368347,36.97334671,138.5878601,56.25688171,
138.6368256,35.98671722,138.6858063,56.65860367,
138.7336884,36.82534409,138.7826691,56.72774506,
138.8306427,36.25829315,138.8795319,56.06349564,
138.9275055,36.07604599,138.9785004,56.09228516,
139.0275116,37.08330536,139.0764923,56.52890778,
139.1243286,37.07049561,139.175354,56.77723694,
139.2243347,36.71727753,139.2733459,56.28385925,
139.3211975,38.12550354,139.3723145,55.97639465,
139.4211884,37.18302917,139.4701691,56.19525909,
139.5181427,36.76511002,139.5691681,57.56845474,
139.6181488,37.69023132,139.6670227,55.92381287,
139.7149811,37.59764099,139.7660065,56.80904007,
139.8150024,36.92016983,139.8639984,56.02727509,
139.9118347,37.79665756,139.9628601,56.1844902,
140.0118256,37.2231636,140.0608368,56.0658989,
140.1087189,38.13775635,140.1598206,56.3833313,
140.208725,37.37266541,140.2576599,57.03743362,
140.3056641,38.68231201,140.3566742,55.3784523,
140.4035034,37.74882507,140.4535065,55.4967804,
140.5003967,37.71476364,140.5503845,56.44130325,
140.5993347,38.97781754,140.6483459,55.75930786,
140.696228,38.41002274,140.7473145,56.77903366,
140.7962189,37.98700333,140.8451691,57.00796127,
140.8931427,38.57709503,140.9441681,57.26302719,
140.9931488,37.31316757,141.0420532,55.27644348,
141.0899811,38.42959213,141.1410065,56.51886368,
141.1900024,39.13836288,141.2389984,56.23365021,
141.2868347,38.72578049,141.3378906,56.30815506,
141.3868256,39.54831696,141.4358063,57.57485199,
141.4837189,38.18064117,141.5348206,56.58071899,
141.583725,39.57470703,141.6326599,56.36964035,
141.6806641,38.00561523,141.7295532,55.89716721,
141.7774811,38.46640778,141.8264771,55.83091736,
141.8743286,38.49695587,141.9253845,56.39591599,
141.9743347,39.3343277,142.0233459,56.13507462,
142.071228,38.66027832,142.1223297,55.83482742,
142.1712189,38.35639572,142.2201691,55.60752869,
142.2681427,38.41830826,142.3191376,56.60820007,
142.3681641,39.11117554,142.4170532,55.87802505,
142.4650116,39.62788391,142.5139923,56.20481491,
142.5618286,39.98666382,142.6108398,57.05848312,
142.6577301,38.84940338,142.7076874,56.97224808,
142.7545624,39.69023132,142.8045959,55.31302643,
142.8535156,39.30697632,142.9025116,56.60882187,
142.9504242,38.70840454,143.0014801,56.62137222,
143.0504303,39.81035995,143.09935,55.68040085,
143.1473083,39.14503479,143.1962585,56.44727707,
143.2441711,39.49388123,143.2931671,56.61484528,
143.3410187,39.15227127,143.3899994,56.36624146,
143.4379272,39.25619507,143.4868469,56.59521484,
143.5348206,39.71899796,143.5858459,56.41096878,
143.6348267,40.1645546,143.6837616,55.59829712,
143.7316742,39.83486557,143.7806549,57.25213623,
143.8285217,39.25039291,143.8775024,55.44681549,
143.9254303,39.91149521,143.9764862,56.77587509,
144.0254211,39.9123764,144.0743561,56.97344589,
144.1223145,40.08137131,144.1733398,55.73587418,
144.2223358,39.96293259,144.2713013,56.28831482,
144.3191681,39.26401901,144.3701782,55.77766037,
144.4191742,39.23801422,144.4681702,56.69950867,
144.5160217,39.85417938,144.5671387,56.40427017,
144.6160126,39.85381317,144.6650085,56.4618988,
144.7129669,39.53006363,144.7639771,56.13004303,
144.8130035,39.31102753,144.8618469,55.50342178,
144.9098206,40.28694153,144.9588013,56.23761749,
145.0067291,39.6315155,145.0576782,57.22162628,
145.1066742,39.93192673,145.1556702,56.88950729,
145.2035217,40.24539566,145.2525024,55.7370224,
145.3005066,39.39956665,145.3493958,56.15379333,
145.3973236,39.050457,145.4463043,56.428936,
145.4941711,40.97898102,145.5431519,56.88499069,
145.5910645,40.63792419,145.6399994,55.98236084,
145.687973,40.00426483,145.7368927,56.27667236,
145.7848206,40.11498642,145.8358459,56.31724167,
145.8827362,39.97078705,145.932724,56.05442429,
145.9816742,39.33361816,146.0306549,56.68343353,
146.0785675,40.13074112,146.1296387,56.76935577,
146.1785583,40.76826859,146.2275085,56.08675003,
146.2754669,40.48050308,146.3264923,56.276577,
146.375473,39.94894028,146.4243927,56.92234039,
146.4723358,40.39015579,146.5233459,56.62068939,
146.5723114,40.93468094,146.6213379,57.05858612,
146.6691742,39.93285751,146.7202301,56.331604,
146.7691803,41.47867966,146.818161,56.29535675,
146.8660583,40.50234222,146.9171753,55.84990311,
146.9660645,40.18668365,147.0160675,55.91959,
147.0650024,41.12617493,147.1139832,56.7554512,
147.1618958,40.94257355,147.2129669,56.60871124,
147.2619019,40.46605301,147.3108368,57.16497803,
147.3588104,40.01080704,147.4098206,56.21599197,
147.4588013,40.53876495,147.5077362,56.89635468,
147.5556488,40.78751373,147.6066742,55.97317505,
147.6556549,41.5908432,147.7046356,56.4348526,
147.7525024,40.46861649,147.8014832,56.24769974,
147.8493958,41.02225494,147.9004669,55.2732811,
147.9494171,40.83654404,147.9983368,56.17722702,
148.0463409,40.80088043,148.0973358,56.66946793,
148.1452484,40.9286232,148.1963043,57.11540222,
148.2452545,40.5533905,148.2941895,56.25046921,
148.3421783,41.01709366,148.3910828,57.45633316,
148.4389954,40.33407593,148.4879761,57.28100586,
148.5358582,40.80463028,148.5869141,56.7544899,
148.635849,40.69881058,148.6858521,56.96368408,
148.7348328,40.87409973,148.7839813,56.47747803,
148.8316956,40.46186066,148.8827515,56.14781189,
148.9316864,40.80301666,148.9806671,56.12334442,
149.0285797,41.33872604,149.0796356,57.16301346,
149.1264954,41.49005508,149.1764984,56.15149307,
149.2254791,40.6574707,149.2744141,57.27459335,
149.3223267,40.23412323,149.3733521,56.06702042,
149.4223328,40.89084244,149.471344,56.41910172,
149.5191956,40.84967422,149.5703125,56.8222084,
149.6191864,41.10249329,149.6681671,56.77415085,
149.7161407,40.94497299,149.7671661,56.0196228,
149.8161469,40.31410599,149.8650208,56.73778152,
149.9129791,40.4732933,149.9640045,56.18592834,
150.01297,41.2638588,150.0619812,56.74173737,
150.1098328,40.62239456,150.1608582,55.97424316,
150.2098236,41.18528366,150.2588043,56.04349899,
150.3066864,40.38952255,150.3578186,56.23507309,
150.4066925,40.85635757,150.455658,55.64279938,
150.5036469,40.69376755,150.5546722,56.63624573,
150.603653,40.24090195,150.6525269,55.7452507,
150.7005005,41.34701157,150.7494812,55.76648331,
150.7973328,40.43852997,150.8462982,56.05745697,
150.8942261,41.18789291,150.9453278,57.06836319,
150.9942169,40.29397583,151.0431671,56.69952011,
151.0911407,40.29504013,151.1421356,55.68014526,
151.1911469,40.82252502,151.2400513,56.09044647,
151.2880096,40.48050308,151.3369904,55.49244308,
151.3848267,40.95808029,151.4358826,56.02861023,
151.4848328,41.97538757,151.533844,56.38939667,
151.5817261,41.71990585,151.6328125,56.81099319,
151.6817169,40.22288895,151.7306671,56.89263153,
151.7786407,40.4852562,151.8296356,56.55755997,
151.8786469,41.33354187,151.9275513,55.99815369,
151.9755096,41.17529678,152.0244751,55.89924622,
152.0723267,41.35334396,152.1233826,55.50488663,
152.1723328,41.11062241,152.221344,56.74588776,
152.2692261,41.05634308,152.3203125,55.51192856,
152.3692169,41.04167938,152.4181671,57.45107651,
152.4661407,41.55479431,152.5171661,56.76593781,
152.5661469,41.63402939,152.6150513,56.3910675,
152.6629791,41.23531723,152.7140045,56.30744171,
152.76297,41.40180969,152.8119812,55.77472687,
152.8598328,41.43022919,152.9087982,55.54492569,
152.9567261,41.22996521,153.005661,55.96668243,
153.0536499,41.20739365,153.1025543,56.44013214,
153.1504974,41.57704926,153.1994781,56.19247818,
153.2473297,41.05958939,153.2963409,55.67299271,
153.3442535,41.78111649,153.393158,56.85427094,
153.4411469,40.57849121,153.4921722,55.49214935,
153.541153,41.25285339,153.5900879,56.15190887,
153.6380005,40.89536667,153.6869965,55.82656097,
153.7351379,41.13284302,153.7841492,56.08805847,
153.8320007,41.74609756,153.8830261,56.72368622,
153.9319916,41.05285263,153.9809723,55.27775192,
154.0288544,41.86270905,154.0799866,56.5458107,
154.1288605,41.41002655,154.1778259,57.18187332,
154.2258148,39.99851608,154.2768097,55.61467361,
154.3258209,40.81801224,154.3746948,56.95403671,
154.4226379,41.30718231,154.4736633,56.67789078,
154.522644,41.11460876,154.5716705,56.39144897,
154.6194916,42.2820015,154.670517,56.94401169,
154.7194977,41.60043335,154.7685089,56.45411682,
154.816391,40.60735703,154.8674774,57.65634537,
154.9163971,41.97268295,154.965332,56.43361282,
155.0133209,40.28608322,155.0643005,55.20952225,
155.1133118,41.43854904,155.1622162,55.95834351,
155.2101746,42.2723732,155.2611694,56.69392776,
155.3101654,40.59562683,155.3591614,56.2764473,
155.4069977,41.55498123,155.4559784,56.01193619,
155.503891,41.72945786,155.5550079,56.2482338,
155.6038971,41.58337402,155.652832,56.18816757,
155.7008209,41.27849197,155.7518005,56.83505249,
155.8008118,41.08388519,155.8497162,56.22845459,
155.8976746,41.01548767,155.9466705,56.48508453,
155.9944916,41.33441162,156.0455627,56.50866699,
156.0944977,41.61177826,156.1435089,56.93320847,
156.191391,40.98507309,156.2424774,56.61582184,
156.2913971,41.82846451,156.340332,56.15288162,
156.3883209,42.13941574,156.4393005,56.67660904,
156.488327,42.31095505,156.5372162,56.75670624,
156.585144,41.1721077,156.6361694,56.49842453,
156.6851654,40.73306656,156.7341614,56.32180405,
156.7819977,42.22582245,156.8330536,56.04335785,
156.8820038,41.40010452,156.9309998,56.60911179,
156.9788971,41.83234406,157.0299835,56.70050812,
157.0788879,41.99612045,157.1278381,57.01859283,
157.175827,40.97099304,157.2268066,55.79889297,
157.2758179,41.48875046,157.3247223,56.32284164,
157.3726349,41.21852493,157.4236755,57.46022034,
157.472641,41.97689056,157.5216522,55.2838707,
157.569519,41.22637939,157.6184998,55.997612,
157.6664276,42.98643875,157.7153473,56.43476868,
157.7633362,41.8418808,157.8143463,56.53782654,
157.8633118,41.1929245,157.912262,56.25213623,
157.9601746,40.981987,158.00914,55.8137207,
158.0570221,40.79632187,158.1080933,56.12121582,
158.1570129,41.42650223,158.2060089,56.21240616,
158.2539215,41.86055756,158.3049774,56.38124466,
158.3539276,41.69737244,158.4028473,57.14589691,
158.4508362,42.01124573,158.5018463,56.30651093,
158.5508118,41.74866867,158.599762,56.9033699,
158.6476746,42.2755661,158.6966858,57.28795242,
158.7445221,42.4930954,158.7935028,56.57762146,
158.8414154,41.74106979,158.8924866,55.56824875,
158.9393463,42.25563049,158.9893341,57.54843903,
159.0383301,41.96628189,159.0873413,56.03377151,
159.1351776,41.7620697,159.1861877,57.07131958,
159.2351685,42.03338242,159.2841644,57.05081558,
159.332016,40.95384979,159.381012,56.19898224,
159.4278412,41.98933029,159.4778442,57.34984207,
159.5248108,41.93939209,159.5747986,56.74393845,
159.6236877,41.53110123,159.6726685,56.67253494,
159.7206726,42.57309723,159.7716522,55.34431839,
159.8206329,41.21427155,159.8695221,56.5244751,
159.9174957,41.98516083,159.9664764,57.2389183,
160.0143433,41.70903397,160.0653992,57.07631683,
160.1143341,41.0033493,160.1633148,57.25874329,
160.2112274,41.1024437,160.2622986,56.98778534,
160.3112335,42.38553238,160.3601685,57.58261108,
160.4081421,42.38645554,160.4591675,56.44786835,
160.506012,42.21905518,160.5559998,58.05022812,
160.6039734,40.64047623,160.6549835,55.69767761,
160.7039642,42.00475693,160.7528992,56.5026741,
160.8008118,42.47232056,160.8518372,57.69506454,
160.9008179,42.23461914,160.9497986,57.28097534,
160.9976654,41.99233246,161.0479889,56.79447937,
161.1008148,41.55454254,161.151062,56.90486908,
161.1990051,41.77905655,161.2490082,55.86936569,
161.2980652,42.3314476,161.3468933,55.9429512,
161.3948059,41.96525192,161.4458313,56.03800583,
161.4950867,41.64491272,161.5461578,57.00694656,
161.5951538,41.516922,161.6440277,56.71494675,
161.6919861,42.22489166,161.7429962,56.6823082,
161.7909851,41.84010696,161.839859,57.52205658,
161.8878326,41.92355728,161.938324,56.43999863,
161.9862366,40.62580872,162.0373077,57.16123581,
162.0862274,41.81253815,162.1351776,56.38388824,
162.183136,42.03894806,162.2341461,56.53398514,
162.2831421,40.94773102,162.3320618,56.41808701,
162.3799744,42.87750626,162.4289703,57.30358505,
162.4768372,42.12850952,162.5258179,57.54245758,
162.5737305,42.08847427,162.6226654,55.29469299,
162.6706696,41.79125214,162.7216492,56.38656998,
162.7706451,41.96150589,162.8195648,57.2591095,
162.8674774,40.97415924,162.9185181,58.00445175,
162.9674988,41.53070068,163.0164642,55.5904274,
163.0643616,41.96866989,163.113327,57.64043427,
163.1612396,42.40171814,163.2123108,56.72102737,
163.2612457,41.43815231,163.3101959,56.29817963,
163.358139,42.38792419,163.407074,56.65676117,
163.4550018,41.84843826,163.5039673,56.79469681,
163.5518494,42.45749664,163.6008301,57.03547287,
163.6487427,41.21324158,163.6997986,55.87796783,
163.7487488,42.30651093,163.7976837,56.37435913,
163.8456726,41.66322708,163.8966675,55.92818069,
163.9456329,41.29484177,163.9945831,57.07767868,
164.0424957,42.39930344,164.0935211,55.85011292,
164.1425018,41.32801437,164.1914673,56.77840042,
164.2393494,41.53965378,164.2883301,56.24262619,
164.3362427,42.15984726,164.3872986,57.93716431,
164.4363098,41.73897171,164.4851837,57.16454315,
164.5331421,42.06374359,164.5841675,57.60087585,
164.6331329,41.15865707,164.6821442,55.84149551,
164.7299957,41.99069214,164.7810211,56.24280548,
164.8300018,41.31348419,164.8789673,57.05872726,
164.9268494,42.34664536,164.9758301,55.9483757,
165.023819,42.26955032,165.0726929,55.83045959,
165.120636,42.66198349,165.1716614,56.62281036,
165.2206421,41.76970673,165.2696686,56.83533478,
165.3174896,40.89345551,165.3664703,57.36626434,
165.4143829,42.1980896,165.4654846,57.12816238,
165.514389,42.05337143,165.563324,56.45331573,
165.6113129,41.34109116,165.6623077,56.50082016,
165.711319,41.59014893,165.7601929,56.40272903,
165.808136,41.08721161,165.8571625,56.78586578,
165.9049988,41.92459488,165.9560547,56.18097687,
166.0049896,42.16068268,166.0539703,56.46762085,
166.1018829,42.04271698,166.1508331,56.33140182,
166.1988068,40.93767166,166.2498016,56.71926117,
166.2966614,41.19150925,166.3466644,57.50595093,
166.3956757,41.78871918,166.4446564,55.44793701,
166.4924927,41.68334198,166.5435486,57.36128998,
166.5924988,41.935009,166.6414642,56.87104416,
166.6893921,41.66049957,166.7404785,57.45833206,
166.7893829,41.64401627,166.8383331,56.43893433,
166.8863068,41.26918411,166.9352264,55.91329575,
166.9831696,41.66007614,167.032196,56.13479996,
167.0800018,41.41759109,167.1310577,56.45225906,
167.1799927,41.80033493,167.2289734,56.23057938,
167.276886,42.14014816,167.3279724,56.88003922,
167.3768921,42.26392746,167.425827,56.9945488,
167.4738312,40.50756073,167.5248108,56.04794312,
167.5738068,42.63505173,167.6227264,56.53847122,
167.670639,42.11163712,167.7196503,56.6585083,
167.7675018,41.52594757,167.8164673,56.24650955,
167.8644257,41.91405869,167.9133301,56.97176743,
167.961319,42.36183548,168.0122986,55.99793243,
168.0613098,42.49975586,168.1102142,55.74511719,
168.1581421,41.75696182,168.2071686,56.64295197,
168.2549896,42.38507462,168.3040009,56.43893433,
168.3519135,41.97265244,168.4029846,56.25506973,
168.4519196,42.28297806,168.5008392,55.66782761,
168.5488281,42.25883102,168.5998383,57.22958755,
168.648819,41.69691849,168.6977539,57.99411392,
168.7456665,41.8828392,168.7966766,56.59999466,
168.8456726,41.81386566,168.8946381,55.96180725,
168.9425201,41.36787033,168.9915009,56.05445862,
169.0394135,41.92482758,169.0883484,55.72119904,
169.136322,42.32485962,169.1873322,56.4813385,
169.2363129,41.9037056,169.2852478,57.79512787,
169.3331757,41.82860184,169.3841858,57.0980072,
169.4331665,41.96548843,169.4821625,56.69713974,
169.530014,42.07144165,169.5811462,56.47129059,
169.6300201,41.44358444,169.6790009,56.47727203,
169.7269135,41.84525681,169.7758484,56.87962341,
169.823822,42.7038765,169.8748322,55.21743393,
169.9238281,41.65868759,169.9728241,56.0916481,
170.0206757,41.46541214,170.0716858,57.21400833,
170.1206665,42.03469467,170.1696625,55.602314,
170.217514,42.05623627,170.26651,56.21417999,
170.3144989,42.09184265,170.3633423,57.54098892,
170.4113312,42.5329361,170.4623413,56.80270386,
170.5113068,42.10707092,170.560318,56.46557617,
170.6081696,41.98233414,170.6571503,57.38966751,
170.7050171,41.765625,170.7561493,57.37414551,
170.8050079,41.93255234,170.8540039,56.51933289,
170.9019928,41.75907898,170.9529724,57.22796249,
171.0019836,42.47977829,171.0508423,56.83440018,
171.0988312,41.89461517,171.1498413,57.4718895,
171.1988068,41.63831711,171.2478333,56.57196808,
171.2956696,42.10055542,171.3467255,56.31326675,
171.3956757,41.63729095,171.4446564,56.81866455,
171.492569,41.75599289,171.5436554,57.50298691,
171.5925598,41.58957672,171.64151,56.80058289,
171.6894989,42.48359299,171.7404785,56.45096588,
171.789505,42.15193939,171.8383942,56.52078629,
171.8863068,42.18243027,171.9353333,57.04388809,
171.9831696,41.57757568,172.0342255,56.95262909,
172.0831757,41.04896927,172.1321564,56.93239594,
172.180069,42.45306015,172.2311707,57.06566238,
172.2800598,40.96256256,172.32901,56.61090469,
172.3769989,42.18854141,172.4279938,55.94472885,
172.477005,42.06054688,172.5258942,57.10185623,
172.5738068,42.4371376,172.6248322,56.06607437,
172.6738129,42.66978836,172.7228394,57.95438004,
172.7706757,42.77019119,172.8217316,55.88661194,
172.8706665,41.6345253,172.9196472,57.3572464,
172.9675598,41.00640106,173.0186462,56.52830887,
173.0675659,42.06476593,173.117569,56.69503403,
173.1665039,41.91855621,173.2154846,56.51609421,
173.2633972,42.32207108,173.3123322,56.61589813,
173.3603363,41.49469757,173.4113159,56.20643616,
173.4113159,56.20643616,,,

B123 200nM,
B123 200nM
Collection Time: 4/18/2014 1:19:10 PM
Operator Name  :
Kinetics Software Version: 1.1(133)
Parameter List :
Report Time: Fri 18 Apr 01:19:10 PM 2014
Batch: C:\Varian\Cary Eclipse WinFLR\DATA\Sudhanshu G\Memoids-8\PurifiedSysB-Apr18-200nM.FBKN
Software version: 1.1(133)
Operator:
Instrument Parameters
Instrument                        Cary Eclipse
Instrument Serial Number          EL04103867
Data mode                         Fluorescence
Ex. wavelength (nm)               524.00
Em. wavelength (nm)               541.00
Ex. Slit (nm)                     5
Em. Slit (nm)                     2.5
Averaging Time (s)                1.0000
Dwell time(s)                     0.0000
Cycle time(min)                   0.0000
Stop time(min)                    1440.0000
Emission filter                   Open
Excitation Filter                 Auto
PMT voltage (V)                   High
Multicell holder                  Multicell
Temperature control
Device                           Temperature controller
Set temperature (C)             25.00
Monitor                          Block
Comments:
Method Log     :
Method Name    : C:\Varian\Cary Eclipse WinFLR\DATA\Sudhanshu G\Memoids-8\PurifiedSysB-Apr18-200nM.FBKN
Date/Time stamp: 4/18/2014 1:18:44 PM
Method Modifications:
PMT Volts Changed: 11/20/2013 5:25:13 PM, Old:600, New:800
Emission PMT (V): Changed: 11/20/2013 5:25:14 PM, Old: 600, New: 800
Cell Changer Changed: 11/20/2013 5:33:14 PM, Old:OFF, New:ON
Cell1 Changed: 11/20/2013 5:33:14 PM, Old:OFF, New:ON
Cell2 Changed: 11/20/2013 5:33:14 PM, Old:OFF, New:ON
Monitoring device: Changed: 11/20/2013 5:33:14 PM, Old:PCB 150, New:Block
Excitation Wavelength Changed: 11/20/2013 5:33:14 PM, Old: 400.00, New: 303.00
Emission Wavelength Changed: 11/20/2013 5:33:14 PM, Old: 600.00, New: 371.00
Ex. Slit Width (nm): Changed: 11/20/2013 5:33:14 PM, Old:5, New:10
Em. Slit Width (nm): Changed: 11/20/2013 5:33:14 PM, Old:5, New:10
Ave. time (s): Changed: 11/20/2013 5:33:14 PM, Old:0.10000, New:1.00000
Cell2 Changed: 11/20/2013 5:46:01 PM, Old:ON, New:OFF
Zero Mode Changed: 11/20/2013 5:49:03 PM, Old:OFF, New:Reading
Zero Mode Changed: 11/20/2013 5:49:05 PM, Old:Reading, New:ON
Sample1 Changed: 11/20/2013 5:49:23 PM, Old:Sample1, New:Blank
Stop Time 1 Changed: 11/20/2013 6:03:21 PM, Old: 1.0000, New:100.0000
Sample1 Changed: 11/20/2013 9:19:49 PM, Old:Blank, New:1x TAE
Ave. time (s): Changed: 11/21/2013 12:00:35 PM, Old:1.00000, New:0.10000
Excitation Wavelength Changed: 11/22/2013 11:48:08 AM, Old: 303.00, New: 240.00
Ex. Slit Width (nm): Changed: 11/22/2013 11:48:08 AM, Old:10, New:20
Em. Slit Width (nm): Changed: 11/22/2013 11:48:08 AM, Old:10, New:20
Ave. time (s): Changed: 11/22/2013 11:48:08 AM, Old:0.10000, New:1.00000
Sample1 Changed: 11/22/2013 11:48:33 AM, Old:1x TAE, New:500 nM B3-Amino
Auto Temp Setting Changed: 2/25/2014 7:32:10 PM, Old:OFF, New:ON
Block Temp Changed: 2/25/2014 7:32:10 PM, Old:  20.00, New:  22.00
Block (C): Changed: 2/25/2014 7:32:10 PM, Old:OFF, New:ON
Excitation Wavelength Changed: 2/25/2014 7:32:10 PM, Old: 240.00, New: 524.00
Emission Wavelength Changed: 2/25/2014 7:32:10 PM, Old: 371.00, New: 541.00
Ex. Slit Width (nm): Changed: 2/25/2014 7:32:10 PM, Old:20, New:5
Em. Slit Width (nm): Changed: 2/25/2014 7:32:10 PM, Old:20, New:5
X mode Changed: 2/25/2014 7:32:10 PM, Old:min, New:sec
Stop Time 1 Changed: 2/25/2014 7:32:10 PM, Old:100.0000, New:30000.0000
Sample1 Changed: 2/25/2014 7:33:01 PM, Old:500 nM B3-Amino, New:100nM TET-FQ; Slit:5-5; Voltage: 800V
Cell2 Changed: 2/28/2014 11:07:39 AM, Old:OFF, New:ON
Cell3 Changed: 2/28/2014 11:07:39 AM, Old:OFF, New:ON
Autoconvert Changed: 2/28/2014 11:07:40 AM, Old:None, New:Ascii with Log
Em. Slit Width (nm): Changed: 2/28/2014 11:07:40 AM, Old:5, New:2.5
X mode Changed: 2/28/2014 11:07:40 AM, Old:sec, New:min
Stop Time 1 Changed: 2/28/2014 11:07:40 AM, Old:30000.0000, New:1440.0000
Cell1 Changed: 4/15/2014 11:40:31 AM, Old:ON, New:OFF
Cell2 Changed: 4/15/2014 11:40:31 AM, Old:ON, New:OFF
Block Temp Changed: 4/15/2014 11:40:31 AM, Old:  22.00, New:  25.00
Cell2 Changed: 4/18/2014 1:18:23 PM, Old:OFF, New:ON
Sample2 Changed: 4/18/2014 1:19:10 PM, Old:Sample2, New:B123 200nM
Sample3 Changed: 4/18/2014 1:19:10 PM, Old:Sample3, New:B123-TA1 200nM
End Method Modifications

B123-TA1 200nM,
B123-TA1 200nM
Collection Time: 4/18/2014 1:19:10 PM
Operator Name  :
Kinetics Software Version: 1.1(133)
Parameter List :
Report Time: Fri 18 Apr 01:19:10 PM 2014
Batch: C:\Varian\Cary Eclipse WinFLR\DATA\Sudhanshu G\Memoids-8\PurifiedSysB-Apr18-200nM.FBKN
Software version: 1.1(133)
Operator:
Instrument Parameters
Instrument                        Cary Eclipse
Instrument Serial Number          EL04103867
Data mode                         Fluorescence
Ex. wavelength (nm)               524.00
Em. wavelength (nm)               541.00
Ex. Slit (nm)                     5
Em. Slit (nm)                     2.5
Averaging Time (s)                1.0000
Dwell time(s)                     0.0000
Cycle time(min)                   0.0000
Stop time(min)                    1440.0000
Emission filter                   Open
Excitation Filter                 Auto
PMT voltage (V)                   High
Multicell holder                  Multicell
Temperature control
Device                           Temperature controller
Set temperature (C)             25.00
Monitor                          Block
Comments:
Method Log     :
Method Name    : C:\Varian\Cary Eclipse WinFLR\DATA\Sudhanshu G\Memoids-8\PurifiedSysB-Apr18-200nM.FBKN
Date/Time stamp: 4/18/2014 1:18:44 PM
Method Modifications:
PMT Volts Changed: 11/20/2013 5:25:13 PM, Old:600, New:800
Emission PMT (V): Changed: 11/20/2013 5:25:14 PM, Old: 600, New: 800
Cell Changer Changed: 11/20/2013 5:33:14 PM, Old:OFF, New:ON
Cell1 Changed: 11/20/2013 5:33:14 PM, Old:OFF, New:ON
Cell2 Changed: 11/20/2013 5:33:14 PM, Old:OFF, New:ON
Monitoring device: Changed: 11/20/2013 5:33:14 PM, Old:PCB 150, New:Block
Excitation Wavelength Changed: 11/20/2013 5:33:14 PM, Old: 400.00, New: 303.00
Emission Wavelength Changed: 11/20/2013 5:33:14 PM, Old: 600.00, New: 371.00
Ex. Slit Width (nm): Changed: 11/20/2013 5:33:14 PM, Old:5, New:10
Em. Slit Width (nm): Changed: 11/20/2013 5:33:14 PM, Old:5, New:10
Ave. time (s): Changed: 11/20/2013 5:33:14 PM, Old:0.10000, New:1.00000
Cell2 Changed: 11/20/2013 5:46:01 PM, Old:ON, New:OFF
Zero Mode Changed: 11/20/2013 5:49:03 PM, Old:OFF, New:Reading
Zero Mode Changed: 11/20/2013 5:49:05 PM, Old:Reading, New:ON
Sample1 Changed: 11/20/2013 5:49:23 PM, Old:Sample1, New:Blank
Stop Time 1 Changed: 11/20/2013 6:03:21 PM, Old: 1.0000, New:100.0000
Sample1 Changed: 11/20/2013 9:19:49 PM, Old:Blank, New:1x TAE
Ave. time (s): Changed: 11/21/2013 12:00:35 PM, Old:1.00000, New:0.10000
Excitation Wavelength Changed: 11/22/2013 11:48:08 AM, Old: 303.00, New: 240.00
Ex. Slit Width (nm): Changed: 11/22/2013 11:48:08 AM, Old:10, New:20
Em. Slit Width (nm): Changed: 11/22/2013 11:48:08 AM, Old:10, New:20
Ave. time (s): Changed: 11/22/2013 11:48:08 AM, Old:0.10000, New:1.00000
Sample1 Changed: 11/22/2013 11:48:33 AM, Old:1x TAE, New:500 nM B3-Amino
Auto Temp Setting Changed: 2/25/2014 7:32:10 PM, Old:OFF, New:ON
Block Temp Changed: 2/25/2014 7:32:10 PM, Old:  20.00, New:  22.00
Block (C): Changed: 2/25/2014 7:32:10 PM, Old:OFF, New:ON
Excitation Wavelength Changed: 2/25/2014 7:32:10 PM, Old: 240.00, New: 524.00
Emission Wavelength Changed: 2/25/2014 7:32:10 PM, Old: 371.00, New: 541.00
Ex. Slit Width (nm): Changed: 2/25/2014 7:32:10 PM, Old:20, New:5
Em. Slit Width (nm): Changed: 2/25/2014 7:32:10 PM, Old:20, New:5
X mode Changed: 2/25/2014 7:32:10 PM, Old:min, New:sec
Stop Time 1 Changed: 2/25/2014 7:32:10 PM, Old:100.0000, New:30000.0000
Sample1 Changed: 2/25/2014 7:33:01 PM, Old:500 nM B3-Amino, New:100nM TET-FQ; Slit:5-5; Voltage: 800V
Cell2 Changed: 2/28/2014 11:07:39 AM, Old:OFF, New:ON
Cell3 Changed: 2/28/2014 11:07:39 AM, Old:OFF, New:ON
Autoconvert Changed: 2/28/2014 11:07:40 AM, Old:None, New:Ascii with Log
Em. Slit Width (nm): Changed: 2/28/2014 11:07:40 AM, Old:5, New:2.5
X mode Changed: 2/28/2014 11:07:40 AM, Old:sec, New:min
Stop Time 1 Changed: 2/28/2014 11:07:40 AM, Old:30000.0000, New:1440.0000
Cell1 Changed: 4/15/2014 11:40:31 AM, Old:ON, New:OFF
Cell2 Changed: 4/15/2014 11:40:31 AM, Old:ON, New:OFF
Block Temp Changed: 4/15/2014 11:40:31 AM, Old:  22.00, New:  25.00
Cell2 Changed: 4/18/2014 1:18:23 PM, Old:OFF, New:ON
Sample2 Changed: 4/18/2014 1:19:10 PM, Old:Sample2, New:B123 200nM
Sample3 Changed: 4/18/2014 1:19:10 PM, Old:Sample3, New:B123-TA1 200nM
End Method Modifications

